timestamp, latitude, longitude 
1545365126,49.3123,128.7256
1545365136,49.1101,129.6300
1545365146,48.9003,130.5266
1545365156,48.6828,131.4152
1545365166,48.4579,132.2957
1545365176,48.2375,133.1245
1545365186,47.9985,133.9886
1545365196,47.7525,134.8443
1545365206,47.4994,135.6914
1545365216,47.2396,136.5299
1545365226,46.9731,137.3598
1545365236,46.7000,138.1808
1545365246,46.4205,138.9931
1545365256,46.1347,139.7965
1545365266,45.8427,140.5911
1545365276,45.5446,141.3769
1545365286,45.2407,142.1539
1545365296,44.9309,142.9220
1545365306,44.6155,143.6814
1545365316,44.2945,144.4321
1545365326,43.9681,145.1740
1545365336,43.6364,145.9074
1545365346,43.2995,146.6321
1545365356,42.9575,147.3483
1545365366,42.6105,148.0562
1545365376,42.2588,148.7556
1545365386,41.9023,149.4466
1545365396,41.5411,150.1296
1545365406,41.1755,150.8044
1545365416,40.8055,151.4713
1545365426,40.4500,152.0974
1545365436,40.0717,152.7488
1545365446,39.6893,153.3926
1545365456,39.3029,154.0287
1545365466,38.9126,154.6574
1545365476,38.5186,155.2787
1545365486,38.1208,155.8927
1545365496,37.7194,156.4996
1545365506,37.3144,157.0995
1545365516,36.9061,157.6924
1545365526,36.4944,158.2785
1545365536,36.0794,158.8580
1545365546,35.6613,159.4309
1545365556,35.2399,159.9975
1545365566,34.8156,160.5577
1545365576,34.3884,161.1117
1545365586,33.9583,161.6596
1545365596,33.5255,162.2015
1545365606,33.0899,162.7376
1545365616,32.6517,163.2680
1545365626,32.2109,163.7927
1545365636,31.7677,164.3120
1545365646,31.3219,164.8259
1545365656,30.8738,165.3345
1545365666,30.4234,165.8380
1545365676,29.9707,166.3365
1545365686,29.5159,166.8300
1545365696,29.0589,167.3188
1545365706,28.6228,167.7787
1545365716,28.1618,168.2584
1545365726,27.6989,168.7335
1545365736,27.2341,169.2043
1545365746,26.7674,169.6708
1545365756,26.2989,170.1331
1545365766,25.8287,170.5914
1545365776,25.3568,171.0456
1545365786,24.8833,171.4960
1545365796,24.4081,171.9426
1545365806,23.9314,172.3856
1545365816,23.4532,172.8249
1545365826,22.9735,173.2608
1545365836,22.4925,173.6932
1545365846,22.0100,174.1223
1545365856,21.5261,174.5483
1545365866,21.0410,174.9712
1545365876,20.5546,175.3910
1545365886,20.0670,175.8079
1545365896,19.5782,176.2219
1545365906,19.0883,176.6332
1545365916,18.5973,177.0418
1545365926,18.1053,177.4477
1545365936,17.6123,177.8511
1545365946,17.1182,178.2521
1545365956,16.6232,178.6507
1545365966,16.1273,179.0471
1545365976,15.6305,179.4412
1545365986,15.1328,179.8333
1545365996,14.6343,-179.7767
1545366006,14.1350,-179.3886
1545366017,13.6350,-179.0025
1545366026,13.1593,-178.6374
1545366036,12.6578,-178.2547
1545366046,12.1557,-177.8737
1545366056,11.6530,-177.4943
1545366066,11.1497,-177.1164
1545366076,10.6458,-176.7401
1545366086,10.1414,-176.3651
1545366096,9.6365,-175.9915
1545366106,9.1310,-175.6190
1545366116,8.6251,-175.2478
1545366126,8.1188,-174.8776
1545366136,7.6120,-174.5085
1545366146,7.1049,-174.1404
1545366156,6.5974,-173.7732
1545366166,6.0896,-173.4069
1545366176,5.5815,-173.0413
1545366186,5.0731,-172.6764
1545366196,4.5645,-172.3122
1545366206,4.0557,-171.9486
1545366216,3.5467,-171.5856
1545366227,3.0375,-171.2229
1545366237,2.5282,-170.8607
1545366247,2.0188,-170.4988
1545366257,1.5093,-170.1372
1545366267,0.9997,-169.7757
1545366277,0.4901,-169.4143
1545366287,-0.0196,-169.0531
1545366296,-0.5037,-168.7099
1545366306,-1.0133,-168.3486
1545366316,-1.5228,-167.9872
1545366326,-2.0322,-167.6256
1545366336,-2.5416,-167.2637
1545366346,-3.0508,-166.9016
1545366356,-3.5598,-166.5390
1545366366,-4.0687,-166.1760
1545366376,-4.5773,-165.8126
1545366386,-5.0858,-165.4485
1545366396,-5.5939,-165.0838
1545366406,-6.1017,-164.7184
1545366416,-6.6093,-164.3522
1545366426,-7.1165,-163.9852
1545366437,-7.6233,-163.6174
1545366447,-8.1297,-163.2485
1545366457,-8.6356,-162.8787
1545366467,-9.1411,-162.5078
1545366477,-9.6461,-162.1357
1545366487,-10.1506,-161.7623
1545366497,-10.6546,-161.3877
1545366507,-11.1580,-161.0117
1545366517,-11.6608,-160.6342
1545366527,-12.1631,-160.2551
1545366537,-12.6647,-159.8746
1545366546,-13.1405,-159.5115
1545366556,-13.6407,-159.1277
1545366566,-14.1401,-158.7420
1545366576,-14.6388,-158.3545
1545366586,-15.1366,-157.9650
1545366596,-15.6336,-157.5735
1545366606,-16.1297,-157.1799
1545366616,-16.6249,-156.7842
1545366626,-17.1192,-156.3862
1545366636,-17.6125,-155.9859
1545366646,-18.1049,-155.5831
1545366657,-18.5962,-155.1778
1545366667,-19.0865,-154.7699
1545366677,-19.5756,-154.3594
1545366687,-20.0635,-153.9462
1545366697,-20.5503,-153.5301
1545366707,-21.0358,-153.1112
1545366717,-21.5201,-152.6892
1545366727,-22.0030,-152.2641
1545366737,-22.4846,-151.8358
1545366747,-22.9649,-151.4043
1545366757,-23.4437,-150.9694
1545366767,-23.9210,-150.5311
1545366777,-24.3968,-150.0892
1545366787,-24.8712,-149.6436
1545366796,-25.3202,-149.2169
1545366806,-25.7912,-148.7640
1545366816,-26.2605,-148.3071
1545366826,-26.7282,-147.8462
1545366836,-27.1940,-147.3812
1545366846,-27.6579,-146.9120
1545366856,-28.1200,-146.4384
1545366867,-28.5800,-145.9604
1545366877,-29.0381,-145.4778
1545366887,-29.4941,-144.9905
1545366897,-29.9480,-144.4985
1545366907,-30.3996,-144.0017
1545366917,-30.8490,-143.4998
1545366927,-31.2961,-142.9929
1545366937,-31.7409,-142.4807
1545366947,-32.1832,-141.9632
1545366957,-32.6229,-141.4404
1545366967,-33.0602,-140.9119
1545366977,-33.4948,-140.3777
1545366987,-33.9266,-139.8378
1545366997,-34.3558,-139.2919
1545367007,-34.7820,-138.7401
1545367017,-35.2054,-138.1821
1545367027,-35.6257,-137.6178
1545367037,-36.0429,-137.0471
1545367047,-36.4570,-136.4701
1545367056,-36.8473,-135.9157
1545367066,-37.2550,-135.3257
1545367077,-37.6592,-134.7287
1545367087,-38.0599,-134.1248
1545367097,-38.4571,-133.5139
1545367107,-38.8506,-132.8957
1545367117,-39.2403,-132.2702
1545367127,-39.6262,-131.6373
1545367137,-40.0080,-130.9970
1545367147,-40.3859,-130.3490
1545367157,-40.7595,-129.6933
1545367167,-41.1289,-129.0297
1545367177,-41.4939,-128.3583
1545367187,-41.8544,-127.6788
1545367197,-42.2104,-126.9912
1545367207,-42.5617,-126.2954
1545367217,-42.9082,-125.5912
1545367227,-43.2497,-124.8787
1545367237,-43.5863,-124.1578
1545367247,-43.9177,-123.4283
1545367257,-44.2438,-122.6904
1545367267,-44.5646,-121.9437
1545367277,-44.8798,-121.1885
1545367287,-45.1895,-120.4246
1545367297,-45.4934,-119.6519
1545367307,-45.7914,-118.8705
1545367317,-46.0690,-118.1200
1545367327,-46.3552,-117.3215
1545367337,-46.6352,-116.5143
1545367347,-46.9089,-115.6984
1545367357,-47.1760,-114.8738
1545367367,-47.4366,-114.0405
1545367377,-47.6904,-113.1987
1545367387,-47.9373,-112.3484
1545367397,-48.1772,-111.4897
1545367407,-48.4100,-110.6225
1545367417,-48.6357,-109.7471
1545367427,-48.8539,-108.8636
1545367437,-49.0647,-107.9721
1545367447,-49.2678,-107.0729
1545367457,-49.4633,-106.1661
1545367467,-49.6508,-105.2519
1545367477,-49.8305,-104.3304
1545367487,-50.0021,-103.4019
1545367497,-50.1656,-102.4666
1545367507,-50.3207,-101.5247
1545367517,-50.4675,-100.5767
1545367527,-50.6059,-99.6227
1545367537,-50.7357,-98.6630
1545367547,-50.8569,-97.6979
1545367557,-50.9693,-96.7278
1545367567,-51.0729,-95.7529
1545367577,-51.1632,-94.8229
1545367587,-51.2495,-93.8399
1545367597,-51.3268,-92.8533
1545367607,-51.3950,-91.8635
1545367617,-51.4542,-90.8709
1545367627,-51.5042,-89.8757
1545367637,-51.5450,-88.8785
1545367647,-51.5767,-87.8796
1545367657,-51.5991,-86.8794
1545367667,-51.6122,-85.8786
1545367677,-51.6162,-84.8773
1545367687,-51.6108,-83.8760
1545367697,-51.5962,-82.8752
1545367707,-51.5724,-81.8753
1545367717,-51.5393,-80.8767
1545367727,-51.4971,-79.8798
1545367737,-51.4457,-78.8849
1545367747,-51.3851,-77.8927
1545367757,-51.3155,-76.9034
1545367767,-51.2368,-75.9175
1545367777,-51.1492,-74.9352
1545367787,-51.0526,-73.9572
1545367797,-50.9472,-72.9835
1545367807,-50.8330,-72.0146
1545367817,-50.7101,-71.0509
1545367827,-50.5786,-70.0927
1545367837,-50.4458,-69.1878
1545367847,-50.2978,-68.2411
1545367857,-50.1415,-67.3006
1545367867,-49.9684,-66.3203
1545367877,-49.8041,-65.4397
1545367887,-49.6233,-64.5198
1545367897,-49.4346,-63.6069
1545367907,-49.2381,-62.7017
1545367917,-49.0339,-61.8041
1545367927,-48.8222,-60.9143
1545367937,-48.6030,-60.0325
1545367947,-48.3764,-59.1589
1545367957,-48.1427,-58.2935
1545367967,-47.9019,-57.4365
1545367977,-47.6541,-56.5879
1545367987,-47.3995,-55.7479
1545367997,-47.1381,-54.9164
1545368007,-46.8702,-54.0935
1545368017,-46.5958,-53.2793
1545368027,-46.3151,-52.4740
1545368037,-46.0282,-51.6772
1545368047,-45.7352,-50.8894
1545368057,-45.4363,-50.1103
1545368067,-45.1315,-49.3398
1545368077,-44.8211,-48.5781
1545368087,-44.5050,-47.8251
1545368097,-44.1997,-47.1178
1545368107,-43.8731,-46.3816
1545368117,-43.5413,-45.6540
1545368127,-43.2044,-44.9349
1545368137,-42.8625,-44.2242
1545368147,-42.5156,-43.5218
1545368157,-42.1640,-42.8276
1545368167,-41.8078,-42.1417
1545368177,-41.4469,-41.4639
1545368187,-41.0817,-40.7942
1545368197,-40.7122,-40.1323
1545368207,-40.3384,-39.4784
1545368217,-39.9604,-38.8321
1545368227,-39.5785,-38.1934
1545368237,-39.1926,-37.5622
1545368247,-38.8029,-36.9384
1545368257,-38.4094,-36.3219
1545368267,-38.0123,-35.7125
1545368277,-37.6113,-35.1098
1545368287,-37.2071,-34.5144
1545368297,-36.7995,-33.9258
1545368307,-36.3886,-33.3439
1545368317,-35.9745,-32.7686
1545368327,-35.5572,-32.1997
1545368337,-35.1369,-31.6372
1545368347,-34.7348,-31.1086
1545368357,-34.3088,-30.5582
1545368367,-33.8799,-30.0137
1545368377,-33.4483,-29.4751
1545368387,-33.0140,-28.9424
1545368397,-32.5771,-28.4153
1545368407,-32.1376,-27.8937
1545368417,-31.6956,-27.3775
1545368427,-31.2512,-26.8666
1545368437,-30.8045,-26.3609
1545368447,-30.3555,-25.8603
1545368457,-29.9043,-25.3647
1545368467,-29.4508,-24.8739
1545368477,-28.9953,-24.3878
1545368487,-28.5377,-23.9065
1545368497,-28.0781,-23.4296
1545368507,-27.6165,-22.9570
1545368517,-27.1531,-22.4890
1545368527,-26.6878,-22.0250
1545368537,-26.2207,-21.5652
1545368547,-25.7520,-21.1095
1545368557,-25.2814,-20.6576
1545368568,-24.8093,-20.2096
1545368578,-24.3356,-19.7653
1545368588,-23.8603,-19.3246
1545368598,-23.3836,-18.8875
1545368607,-22.9293,-18.4754
1545368617,-22.4497,-18.0449
1545368627,-21.9688,-17.6176
1545368637,-21.4865,-17.1935
1545368647,-21.0029,-16.7724
1545368657,-20.5180,-16.3544
1545368667,-20.0320,-15.9392
1545368677,-19.5448,-15.5269
1545368687,-19.0564,-15.1173
1545368697,-18.5670,-14.7104
1545368707,-18.0764,-14.3060
1545368717,-17.5849,-13.9042
1545368727,-17.0923,-13.5047
1545368737,-16.5988,-13.1075
1545368747,-16.1043,-12.7126
1545368757,-15.6090,-12.3199
1545368767,-15.1128,-11.9292
1545368778,-14.6157,-11.5406
1545368788,-14.1178,-11.1538
1545368798,-13.6193,-10.7690
1545368808,-13.1199,-10.3860
1545368818,-12.6199,-10.0047
1545368828,-12.1192,-9.6250
1545368838,-11.6178,-9.2469
1545368848,-11.1158,-8.8702
1545368858,-10.6132,-8.4950
1545368867,-10.1352,-8.1399
1545368877,-9.6316,-7.7673
1545368887,-9.1274,-7.3960
1545368897,-8.6228,-7.0258
1545368907,-8.1177,-6.6567
1545368917,-7.6122,-6.2886
1545368927,-7.1063,-5.9215
1545368937,-6.6001,-5.5553
1545368947,-6.0935,-5.1899
1545368957,-5.5865,-4.8252
1545368967,-5.0793,-4.4613
1545368977,-4.5718,-4.0979
1545368987,-4.0641,-3.7352
1545368998,-3.5562,-3.3730
1545369008,-3.0480,-3.0112
1545369018,-2.5398,-2.6497
1545369028,-2.0314,-2.2886
1545369038,-1.5228,-1.9277
1545369048,-1.0142,-1.5671
1545369058,-0.5055,-1.2065
1545369068,0.0032,-0.8460
1545369078,0.5119,-0.4854
1545369088,1.0206,-0.1248
1545369098,1.5293,0.2359
1545369108,2.0378,0.5968
1545369118,2.5463,0.9580
1545369128,3.0547,1.3195
1545369137,3.5376,1.6634
1545369147,4.0457,2.0257
1545369157,4.5536,2.3886
1545369167,5.0614,2.7521
1545369177,5.5688,3.1162
1545369187,6.0760,3.4810
1545369197,6.5829,3.8466
1545369208,7.0894,4.2130
1545369218,7.5957,4.5804
1545369228,8.1016,4.9487
1545369238,8.6070,5.3180
1545369248,9.1120,5.6885
1545369258,9.6165,6.0601
1545369268,10.1206,6.4330
1545369278,10.6241,6.8071
1545369288,11.1271,7.1827
1545369298,11.6295,7.5597
1545369308,12.1314,7.9383
1545369318,12.6326,8.3184
1545369328,13.1331,8.7003
1545369338,13.6330,9.0838
1545369348,14.1322,9.4692
1545369358,14.6306,9.8565
1545369368,15.1283,10.2458
1545369378,15.6251,10.6370
1545369388,16.1210,11.0304
1545369397,16.5914,11.4062
1545369407,17.0857,11.8040
1545369418,17.5790,12.2041
1545369428,18.0714,12.6066
1545369438,18.5627,13.0117
1545369448,19.0530,13.4193
1545369458,19.5421,13.8296
1545369468,20.0302,14.2427
1545369478,20.5171,14.6586
1545369488,21.0028,15.0775
1545369498,21.4872,15.4993
1545369508,21.9703,15.9243
1545369518,22.4522,16.3524
1545369528,22.9327,16.7839
1545369538,23.4118,17.2187
1545369548,23.8894,17.6570
1545369558,24.3655,18.0989
1545369568,24.8400,18.5444
1545369578,25.3129,18.9936
1545369588,25.7843,19.4467
1545369598,26.2540,19.9038
1545369608,26.7219,20.3650
1545369618,27.1881,20.8303
1545369628,27.6524,21.2999
1545369638,28.1148,21.7739
1545369648,28.5753,22.2523
1545369658,29.0109,22.7110
1545369668,29.4902,23.2230
1545369678,29.9219,23.6907
1545369688,30.3741,24.1879
1545369698,30.8242,24.6901
1545369708,31.2719,25.1974
1545369718,31.7173,25.7099
1545369728,32.1603,26.2278
1545369738,32.6008,26.7512
1545369748,33.0388,27.2802
1545369758,33.4741,27.8148
1545369768,33.9067,28.3553
1545369778,34.3366,28.9017
1545369788,34.7635,29.4542
1545369798,35.1877,30.0129
1545369808,35.6088,30.5778
1545369818,36.0269,31.1493
1545369828,36.4418,31.7272
1545369838,36.8535,32.3118
1545369848,37.2618,32.9031
1545369858,37.6667,33.5013
1545369868,38.0681,34.1065
1545369878,38.4660,34.7189
1545369888,38.8601,35.3385
1545369898,39.2505,35.9655
1545369908,39.6370,36.5999
1545369918,40.0005,37.2096
1545369928,40.3792,37.8589
1545369938,40.7537,38.5160
1545369948,41.1240,39.1809
1545369958,41.4899,39.8540
1545369968,41.8513,40.5350
1545369978,42.2081,41.2243
1545369988,42.5603,41.9219
1545369998,42.9076,42.6278
1545370008,43.2500,43.3421
1545370018,43.5874,44.0650
1545370028,43.9196,44.7964
1545370038,44.2465,45.5364
1545370048,44.5680,46.2850
1545370058,44.8841,47.0425
1545370068,45.1944,47.8087
1545370078,45.4990,48.5837
1545370088,45.7978,49.3676
1545370098,46.0905,50.1602
1545370108,46.3770,50.9618
1545370118,46.6573,51.7720
1545370128,46.9313,52.5913
1545370138,47.1987,53.4192
1545370148,47.4594,54.2559
1545370158,47.7133,55.1011
1545370168,47.9604,55.9549
1545370178,48.2004,56.8176
1545370188,48.4218,57.6447
1545370198,48.6477,58.5234
1545370208,48.8662,59.4101
1545370218,49.0772,60.3050
1545370228,49.2806,61.2078
1545370238,49.4761,62.1183
1545370248,49.6638,63.0362
1545370258,49.8435,63.9614
1545370268,50.0150,64.8936
1545370278,50.1784,65.8326
1545370288,50.3334,66.7782
1545370298,50.4799,67.7301
1545370308,50.6180,68.6880
1545370318,50.7475,69.6517
1545370328,50.8682,70.6209
1545370338,50.9802,71.5951
1545370348,51.0833,72.5740
1545370358,51.1774,73.5573
1545370368,51.2626,74.5447
1545370378,51.3387,75.5357
1545370388,51.4057,76.5300
1545370398,51.4635,77.5271
1545370408,51.5121,78.5264
1545370418,51.5514,79.5279
1545370428,51.5815,80.5312
1545370438,51.6023,81.5354
1545370448,51.6134,82.4901
1545370458,51.6160,83.4954
1545370468,51.6092,84.5006
1545370478,51.5932,85.5053
1545370488,51.5678,86.5092
1545370498,51.5331,87.5117
1545370508,51.4892,88.5124
1545370518,51.4361,89.5107
1545370528,51.3737,90.5065
1545370538,51.3022,91.4994
1545370548,51.2216,92.4887
1545370558,51.1320,93.4742
1545370568,51.0333,94.4557
1545370578,50.9258,95.4324
1545370588,50.8095,96.4045
1545370598,50.6843,97.3713
1545370608,50.5506,98.3325
1545370618,50.4082,99.2878
1545370628,50.2574,100.2370
1545370638,50.0981,101.1798
1545370648,49.9306,102.1158
1545370658,49.7549,103.0452
1545370668,49.5712,103.9671
1545370678,49.3795,104.8817
1545370688,49.1799,105.7887
1545370699,48.9727,106.6880
1545370708,48.7687,107.5349
1545370718,48.5468,108.4185
1545370728,48.3174,109.2939
1545370738,48.0809,110.1610
1545370748,47.8372,111.0195
1545370758,47.5865,111.8696
1545370768,47.3290,112.7110
1545370778,47.0647,113.5439
1545370788,46.7939,114.3679
1545370798,46.5165,115.1832
1545370808,46.2328,115.9897
1545370818,45.9429,116.7873
1545370828,45.6470,117.5760
1545370838,45.3450,118.3560
1545370848,45.0372,119.1273
1545370858,44.7237,119.8896
1545370868,44.4046,120.6432
1545370878,44.0800,121.3882
1545370888,43.7500,122.1245
1545370898,43.4149,122.8522
1545370908,43.0746,123.5713
1545370919,42.7293,124.2820
1545370929,42.3792,124.9842
1545370939,42.0243,125.6782
1545370949,41.6648,126.3638
1545370959,41.3006,127.0414
1545370968,40.9506,127.6778
1545370978,40.5779,128.3397
1545370988,40.2009,128.9941
1545370998,39.8199,129.6404
1545371008,39.4349,130.2791
1545371018,39.0459,130.9103
1545371028,38.6532,131.5341
1545371038,38.2566,132.1506
1545371048,37.8564,132.7599
1545371058,37.4527,133.3621
1545371068,37.0455,133.9574
1545371078,36.6349,134.5459
1545371088,36.2210,135.1276
1545371098,35.8040,135.7027
1545371108,35.3838,136.2714
1545371118,34.9605,136.8337
1545371129,34.5344,137.3897
1545371139,34.1053,137.9397
1545371149,33.6734,138.4836
1545371159,33.2387,139.0216
1545371169,32.8014,139.5539
1545371179,32.3615,140.0806
1545371189,31.9190,140.6018
1545371199,31.4741,141.1174
1545371209,31.0268,141.6279
1545371218,30.5997,142.1079
1545371228,30.1480,142.6083
1545371238,29.6939,143.1038
1545371248,29.2378,143.5944
1545371258,28.7795,144.0802
1545371268,28.3193,144.5614
1545371278,27.8570,145.0381
1545371288,27.3928,145.5104
1545371298,26.9267,145.9784
1545371308,26.4588,146.4422
1545371318,25.9891,146.9018
1545371328,25.5178,147.3574
1545371339,25.0448,147.8091
1545371349,24.5702,148.2570
1545371359,24.0939,148.7012
1545371369,23.6162,149.1417
1545371379,23.1371,149.5788
1545371389,22.6564,150.0124
1545371399,22.1745,150.4426
1545371409,21.6910,150.8697
1545371419,21.2063,151.2937
1545371429,20.7204,151.7145
1545371439,20.2332,152.1324
1545371449,19.7449,152.5473
1545371459,19.2553,152.9595
1545371469,18.7647,153.3690
1545371478,18.2976,153.7555
1545371488,17.8049,154.1600
1545371498,17.3113,154.5619
1545371508,16.8166,154.9615
1545371518,16.3210,155.3587
1545371528,15.8245,155.7538
1545371538,15.3272,156.1466
1545371549,14.8290,156.5374
1545371559,14.3299,156.9263
1545371569,13.8302,157.3131
1545371579,13.3298,157.6981
1545371589,12.8286,158.0814
1545371599,12.3267,158.4629
1545371609,11.8243,158.8428
1545371619,11.3211,159.2212
1545371629,10.8174,159.5981
1545371639,10.3132,159.9735
1545371649,9.8085,160.3476
1545371659,9.3032,160.7204
1545371669,8.7975,161.0921
1545371679,8.2913,161.4625
1545371689,7.7847,161.8319
1545371699,7.2777,162.2004
1545371709,6.7704,162.5678
1545371718,6.2881,162.9161
1545371728,5.7802,163.2820
1545371738,5.2719,163.6471
1545371748,4.7634,164.0116
1545371758,4.2547,164.3754
1545371769,3.7458,164.7387
1545371779,3.2366,165.1015
1545371789,2.7274,165.4638
1545371799,2.2180,165.8259
1545371809,1.7085,166.1876
1545371819,1.1990,166.5491
1545371829,0.6894,166.9105
1545371839,0.1797,167.2718
1545371849,-0.3300,167.6331
1545371859,-0.8398,167.9945
1545371869,-1.3493,168.3559
1545371879,-1.8590,168.7175
1545371889,-2.3683,169.0792
1545371899,-2.8775,169.4413
1545371909,-3.3866,169.8037
1545371919,-3.8956,170.1665
1545371929,-4.4042,170.5298
1545371939,-4.9127,170.8936
1545371949,-5.4208,171.2580
1545371959,-5.9288,171.6232
1545371969,-6.4363,171.9890
1545371979,-6.9183,172.3373
1545371989,-7.4252,172.7048
1545371999,-7.9317,173.0732
1545372009,-8.4378,173.4427
1545372019,-8.9435,173.8132
1545372029,-9.4487,174.1848
1545372039,-9.9535,174.5577
1545372049,-10.4576,174.9318
1545372059,-10.9612,175.3073
1545372069,-11.4643,175.6842
1545372079,-11.9668,176.0626
1545372089,-12.4686,176.4425
1545372099,-12.9697,176.8241
1545372109,-13.4701,177.2073
1545372119,-13.9698,177.5923
1545372129,-14.4688,177.9793
1545372139,-14.9669,178.3681
1545372149,-15.4642,178.7588
1545372159,-15.9607,179.1517
1545372169,-16.4563,179.5468
1545372179,-16.9509,179.9441
1545372189,-17.4446,-179.6564
1545372199,-17.9373,-179.2544
1545372209,-18.4289,-178.8500
1545372219,-18.8950,-178.4635
1545372229,-19.3846,-178.0540
1545372239,-19.8730,-177.6419
1545372249,-20.3602,-177.2269
1545372259,-20.8462,-176.8091
1545372269,-21.3309,-176.3884
1545372279,-21.8144,-175.9645
1545372289,-22.2966,-175.5375
1545372299,-22.7773,-175.1073
1545372309,-23.2567,-174.6737
1545372319,-23.7346,-174.2367
1545372329,-24.2111,-173.7962
1545372339,-24.6859,-173.3521
1545372349,-25.1592,-172.9042
1545372359,-25.6309,-172.4526
1545372369,-26.1009,-171.9971
1545372379,-26.5690,-171.5377
1545372389,-27.0354,-171.0741
1545372399,-27.5000,-170.6063
1545372409,-27.9627,-170.1342
1545372419,-28.4234,-169.6577
1545372429,-28.8822,-169.1766
1545372439,-29.3389,-168.6910
1545372449,-29.7935,-168.2006
1545372459,-30.2460,-167.7054
1545372469,-30.6961,-167.2053
1545372479,-31.1217,-166.7255
1545372489,-31.5673,-166.2154
1545372499,-32.0106,-165.7000
1545372509,-32.4513,-165.1793
1545372519,-32.8896,-164.6530
1545372529,-33.3252,-164.1210
1545372539,-33.7582,-163.5833
1545372549,-34.1884,-163.0398
1545372559,-34.6158,-162.4903
1545372569,-35.0402,-161.9348
1545372579,-35.4617,-161.3730
1545372589,-35.8802,-160.8049
1545372599,-36.2954,-160.2304
1545372609,-36.7077,-159.6491
1545372619,-37.1165,-159.0612
1545372629,-37.5220,-158.4665
1545372639,-37.9240,-157.8650
1545372649,-38.3224,-157.2564
1545372659,-38.7171,-156.6408
1545372669,-39.1081,-156.0177
1545372679,-39.4953,-155.3874
1545372689,-39.8786,-154.7496
1545372699,-40.2578,-154.1041
1545372709,-40.6329,-153.4511
1545372719,-41.0037,-152.7903
1545372729,-41.3702,-152.1215
1545372739,-41.7143,-151.4787
1545372749,-42.0721,-150.7942
1545372759,-42.4254,-150.1013
1545372769,-42.7738,-149.4003
1545372779,-43.1173,-148.6911
1545372789,-43.4558,-147.9735
1545372799,-43.7892,-147.2473
1545372809,-44.1174,-146.5127
1545372819,-44.4403,-145.7694
1545372829,-44.7577,-145.0175
1545372839,-45.0696,-144.2570
1545372849,-45.3757,-143.4877
1545372859,-45.6761,-142.7097
1545372869,-45.9704,-141.9230
1545372879,-46.2588,-141.1274
1545372889,-46.5409,-140.3231
1545372899,-46.8167,-139.5102
1545372909,-47.0861,-138.6885
1545372919,-47.3489,-137.8582
1545372929,-47.6049,-137.0193
1545372939,-47.8542,-136.1719
1545372949,-48.0965,-135.3160
1545372959,-48.3318,-134.4517
1545372969,-48.5598,-133.5792
1545372979,-48.7806,-132.6986
1545372989,-48.9939,-131.8099
1545372999,-49.1895,-130.9584
1545373009,-49.3879,-130.0546
1545373019,-49.5786,-129.1432
1545373029,-49.7614,-128.2245
1545373040,-49.9447,-127.2523
1545373049,-50.1028,-126.3660
1545373059,-50.2612,-125.4267
1545373069,-50.4113,-124.4811
1545373079,-50.5529,-123.5294
1545373089,-50.6861,-122.5718
1545373099,-50.8106,-121.6087
1545373109,-50.9265,-120.6405
1545373119,-51.0336,-119.6675
1545373129,-51.1318,-118.6899
1545373139,-51.2212,-117.7083
1545373149,-51.3015,-116.7228
1545373159,-51.3728,-115.7340
1545373169,-51.4351,-114.7423
1545373179,-51.4882,-113.7478
1545373189,-51.5322,-112.7512
1545373199,-51.5669,-111.7529
1545373209,-51.5925,-110.7532
1545373219,-51.6088,-109.7524
1545373229,-51.6159,-108.7510
1545373239,-51.6137,-107.7496
1545373249,-51.6030,-106.7986
1545373259,-51.5828,-105.7983
1545373269,-51.5533,-104.7992
1545373279,-51.5146,-103.8016
1545373289,-51.4668,-102.8058
1545373299,-51.4098,-101.8125
1545373309,-51.3437,-100.8219
1545373319,-51.2685,-99.8347
1545373329,-51.1844,-98.8510
1545373339,-51.0912,-97.8712
1545373349,-50.9893,-96.8959
1545373359,-50.8785,-95.9251
1545373369,-50.7590,-94.9594
1545373379,-50.6309,-93.9990
1545373389,-50.4941,-93.0441
1545373399,-50.3489,-92.0951
1545373409,-50.1954,-91.1524
1545373419,-50.0335,-90.2163
1545373429,-49.8635,-89.2869
1545373439,-49.6855,-88.3646
1545373449,-49.4995,-87.4493
1545373460,-49.3056,-86.5415
1545373470,-49.1040,-85.6414
1545373480,-48.8948,-84.7490
1545373490,-48.6781,-83.8645
1545373500,-48.4541,-82.9881
1545373509,-48.2292,-82.1436
1545373519,-47.9899,-81.2797
1545373529,-47.7443,-80.4271
1545373539,-47.4921,-79.5838
1545373550,-47.2332,-78.7493
1545373560,-46.9677,-77.9234
1545373570,-46.6956,-77.1061
1545373580,-46.4172,-76.2976
1545373590,-46.1325,-75.4978
1545373600,-45.8417,-74.7068
1545373610,-45.5450,-73.9245
1545373619,-45.2576,-73.1894
1545373629,-44.9494,-72.4241
1545373639,-44.6357,-71.6677
1545373649,-44.3164,-70.9198
1545373659,-43.9917,-70.1805
1545373669,-43.6618,-69.4498
1545373679,-43.3267,-68.7276
1545373689,-42.9866,-68.0138
1545373699,-42.6415,-67.3085
1545373709,-42.2916,-66.6114
1545373719,-41.9370,-65.9225
1545373729,-41.5779,-65.2418
1545373739,-41.2142,-64.5692
1545373749,-40.8461,-63.9043
1545373759,-40.4738,-63.2474
1545373770,-40.0973,-62.5983
1545373780,-39.7168,-61.9568
1545373790,-39.3323,-61.3230
1545373800,-38.9439,-60.6965
1545373810,-38.5518,-60.0774
1545373820,-38.1560,-59.4654
1545373830,-37.7565,-58.8605
1545373840,-37.3535,-58.2626
1545373850,-36.9472,-57.6715
1545373860,-36.5374,-57.0872
1545373870,-36.1245,-56.5096
1545373879,-35.7292,-55.9668
1545373889,-35.3103,-55.4018
1545373899,-34.8882,-54.8430
1545373909,-34.4632,-54.2904
1545373919,-34.0353,-53.7438
1545373929,-33.6047,-53.2031
1545373939,-33.1714,-52.6683
1545373949,-32.7354,-52.1391
1545373959,-32.2968,-51.6155
1545373969,-31.8557,-51.0973
1545373980,-31.4122,-50.5846
1545373990,-30.9664,-50.0771
1545374000,-30.5181,-49.5746
1545374010,-30.0677,-49.0771
1545374020,-29.6150,-48.5846
1545374030,-29.1602,-48.0968
1545374040,-28.7031,-47.6135
1545374050,-28.2442,-47.1350
1545374060,-27.7834,-46.6610
1545374070,-27.3206,-46.1913
1545374080,-26.8560,-45.7259
1545374090,-26.3896,-45.2646
1545374100,-25.9214,-44.8074
1545374110,-25.4515,-44.3541
1545374120,-24.9800,-43.9048
1545374129,-24.5305,-43.4813
1545374139,-24.0558,-43.0391
1545374149,-23.5796,-42.6005
1545374159,-23.1020,-42.1654
1545374169,-22.6229,-41.7336
1545374179,-22.1424,-41.3051
1545374190,-21.6606,-40.8799
1545374200,-21.1774,-40.4577
1545374210,-20.6931,-40.0386
1545374220,-20.2075,-39.6225
1545374230,-19.7206,-39.2091
1545374240,-19.2326,-38.7985
1545374250,-18.7436,-38.3907
1545374260,-18.2535,-37.9854
1545374270,-17.7622,-37.5826
1545374280,-17.2700,-37.1822
1545374290,-16.7768,-36.7842
1545374300,-16.2826,-36.3885
1545374310,-15.7876,-35.9950
1545374320,-15.2917,-35.6036
1545374330,-14.7950,-35.2143
1545374340,-14.2974,-34.8269
1545374350,-13.7991,-34.4414
1545374360,-13.3000,-34.0577
1545374370,-12.8002,-33.6758
1545374379,-12.3247,-33.3144
1545374389,-11.8236,-32.9357
1545374400,-11.3218,-32.5584
1545374410,-10.8195,-32.1827
1545374420,-10.3164,-31.8081
1545374430,-9.8129,-31.4351
1545374440,-9.3089,-31.0633
1545374450,-8.8045,-30.6927
1545374460,-8.2996,-30.3233
1545374470,-7.7943,-29.9548
1545374480,-7.2885,-29.5874
1545374490,-6.7824,-29.2209
1545374500,-6.2757,-28.8550
1545374510,-5.7689,-28.4902
1545374520,-5.2619,-28.1260
1545374530,-4.7545,-27.7625
1545374540,-4.2468,-27.3996
1545374550,-3.7390,-27.0371
1545374560,-3.2310,-26.6752
1545374570,-2.7228,-26.3137
1545374580,-2.2144,-25.9524
1545374590,-1.7059,-25.5915
1545374600,-1.1973,-25.2308
1545374610,-0.6887,-24.8701
1545374620,-0.1800,-24.5096
1545374630,0.3033,-24.1671
1545374640,0.8120,-23.8066
1545374650,1.3206,-23.4459
1545374660,1.8292,-23.0851
1545374670,2.3378,-22.7240
1545374680,2.8462,-22.3626
1545374690,3.3545,-22.0009
1545374700,3.8627,-21.6387
1545374710,4.3706,-21.2760
1545374720,4.8786,-20.9127
1545374730,5.3862,-20.5488
1545374740,5.8935,-20.1842
1545374750,6.4004,-19.8189
1545374760,6.9071,-19.4529
1545374770,7.4134,-19.0858
1545374780,7.9194,-18.7179
1545374790,8.4251,-18.3489
1545374800,8.9302,-17.9789
1545374810,9.4349,-17.6077
1545374820,9.9393,-17.2351
1545374830,10.4431,-16.8614
1545374840,10.9463,-16.4863
1545374850,11.4490,-16.1098
1545374860,11.9510,-15.7318
1545374870,12.4524,-15.3523
1545374880,12.9532,-14.9710
1545374890,13.4284,-14.6073
1545374900,13.9279,-14.2226
1545374910,14.4267,-13.8361
1545374920,14.9247,-13.4476
1545374930,15.4220,-13.0571
1545374940,15.9183,-12.6646
1545374950,16.4138,-12.2699
1545374960,16.9084,-11.8729
1545374970,17.4020,-11.4737
1545374980,17.8947,-11.0720
1545374990,18.3864,-10.6679
1545375000,18.8770,-10.2612
1545375010,19.3666,-9.8519
1545375020,19.8550,-9.4398
1545375030,20.3423,-9.0250
1545375040,20.8284,-8.6072
1545375050,21.3134,-8.1864
1545375060,21.7970,-7.7625
1545375070,22.2793,-7.3355
1545375080,22.7603,-6.9053
1545375090,23.2398,-6.4717
1545375100,23.7180,-6.0346
1545375110,24.1947,-5.5941
1545375120,24.6700,-5.1497
1545375130,25.1436,-4.7017
1545375140,25.6156,-4.2499
1545375150,26.0624,-3.8171
1545375160,26.5311,-3.3576
1545375170,26.9980,-2.8940
1545375180,27.4631,-2.4261
1545375190,27.9263,-1.9540
1545375200,28.3875,-1.4774
1545375210,28.8469,-0.9963
1545375220,29.3042,-0.5105
1545375230,29.7593,-0.0200
1545375240,30.2124,0.4754
1545375250,30.6632,0.9758
1545375260,31.1119,1.4813
1545375270,31.5581,1.9919
1545375280,32.0020,2.5079
1545375290,32.4434,3.0293
1545375300,32.8822,3.5563
1545375310,33.3185,4.0888
1545375320,33.7521,4.6273
1545375330,34.1830,5.1716
1545375340,34.6111,5.7219
1545375350,35.0363,6.2784
1545375360,35.4585,6.8411
1545375370,35.8776,7.4101
1545375380,36.2936,7.9857
1545375390,36.7064,8.5678
1545375400,37.1159,9.1567
1545375410,37.5018,9.7224
1545375420,37.9047,10.3248
1545375430,38.3040,10.9342
1545375440,38.6997,11.5509
1545375450,39.0916,12.1749
1545375460,39.4797,12.8062
1545375470,39.8639,13.4451
1545375480,40.2441,14.0917
1545375490,40.6201,14.7460
1545375500,40.9919,15.4081
1545375510,41.3594,16.0782
1545375520,41.7224,16.7563
1545375530,42.0809,17.4427
1545375540,42.4347,18.1372
1545375550,42.7838,18.8401
1545375560,43.1279,19.5514
1545375570,43.4671,20.2712
1545375580,43.8012,20.9995
1545375590,44.1300,21.7364
1545375600,44.4535,22.4820
1545375610,44.7715,23.2364
1545375620,45.0840,23.9995
1545375630,45.3906,24.7714
1545375640,45.6915,25.5521
1545375650,45.9864,26.3416
1545375660,46.2752,27.1400
1545375670,46.5577,27.9471
1545375680,46.8203,28.7221
1545375690,47.0903,29.5463
1545375700,47.3538,30.3794
1545375710,47.6105,31.2211
1545375720,47.8604,32.0715
1545375731,48.1152,32.9735
1545375740,48.3390,33.7976
1545375750,48.5676,34.6734
1545375760,48.7888,35.5574
1545375770,49.0024,36.4493
1545375780,49.2085,37.3493
1545375790,49.4069,38.2570
1545375800,49.5974,39.1723
1545375810,49.7800,40.0948
1545375820,49.9544,41.0246
1545375830,50.1208,41.9614
1545375840,50.2788,42.9047
1545375850,50.4284,43.8544
1545375860,50.5695,44.8103
1545375870,50.7021,45.7719
1545375880,50.8259,46.7391
1545375891,50.9411,47.7114
1545375901,51.0473,48.6886
1545375910,51.1401,49.6212
1545375920,51.2289,50.6068
1545375930,51.3087,51.5964
1545375940,51.3794,52.5892
1545375950,51.4410,53.5851
1545375960,51.4933,54.5836
1545375970,51.5365,55.5845
1545375980,51.5703,56.5868
1545375990,51.5949,57.5906
1545376000,51.6102,58.5954
1545376010,51.6161,59.6006
1545376020,51.6127,60.6059
1545376030,51.6000,61.6108
1545376040,51.5780,62.6149
1545376050,51.5467,63.6178
1545376060,51.5061,64.6191
1545376070,51.4562,65.6183
1545376080,51.3972,66.6151
1545376090,51.3290,67.6090
1545376100,51.2516,68.5996
1545376111,51.1652,69.5866
1545376121,51.0698,70.5695
1545376131,50.9655,71.5480
1545376141,50.8523,72.5218
1545376151,50.7303,73.4904
1545376161,50.5997,74.4536
1545376171,50.4604,75.4110
1545376181,50.3126,76.3624
1545376191,50.1564,77.3074
1545376200,50.0003,78.1991
1545376210,49.8280,79.1311
1545376220,49.6475,80.0561
1545376230,49.4590,80.9738
1545376240,49.2627,81.8840
1545376250,49.0585,82.7865
1545376260,48.8468,83.6810
1545376270,48.6274,84.5680
1545376280,48.4006,85.4465
1545376290,48.1667,86.3166
1545376300,47.9255,87.1783
1545376310,47.6774,88.0314
1545376321,47.4223,88.8759
1545376331,47.1604,89.7119
1545376341,46.8919,90.5390
1545376351,46.6169,91.3574
1545376361,46.3355,92.1670
1545376371,46.0478,92.9678
1545376381,45.7540,93.7597
1545376391,45.4542,94.5429
1545376401,45.1485,95.3172
1545376411,44.8370,96.0827
1545376421,44.5199,96.8395
1545376431,44.1973,97.5876
1545376441,43.8693,98.3269
1545376451,43.5360,99.0577
1545376461,43.1975,99.7799
1545376471,42.8540,100.4936
1545376481,42.5056,101.1989
1545376491,42.1524,101.8958
1545376501,41.7945,102.5845
1545376511,41.4320,103.2649
1545376521,41.0650,103.9374
1545376531,40.7123,104.5689
1545376541,40.3369,105.2259
1545376551,39.9574,105.8751
1545376561,39.5738,106.5165
1545376571,39.1861,107.1505
1545376581,38.7947,107.7769
1545376591,38.3995,108.3960
1545376601,38.0006,109.0079
1545376611,37.5981,109.6127
1545376621,37.1921,110.2106
1545376631,36.7828,110.8014
1545376641,36.3700,111.3856
1545376651,35.9541,111.9630
1545376661,35.5351,112.5340
1545376671,35.1130,113.0985
1545376681,34.6877,113.6569
1545376691,34.2597,114.2090
1545376701,33.8288,114.7550
1545376711,33.3951,115.2952
1545376721,32.9587,115.8296
1545376731,32.5198,116.3582
1545376741,32.0782,116.8814
1545376751,31.6342,117.3990
1545376761,31.1876,117.9115
1545376771,30.7388,118.4185
1545376781,30.2877,118.9205
1545376791,29.8344,119.4174
1545376801,29.3789,119.9095
1545376811,28.9214,120.3967
1545376821,28.4617,120.8794
1545376831,28.0000,121.3575
1545376841,27.5597,121.8075
1545376851,27.0943,122.2769
1545376861,26.6271,122.7421
1545376871,26.1581,123.2033
1545376882,25.6402,123.7058
1545376891,25.2149,124.1134
1545376901,24.7409,124.5627
1545376911,24.2653,125.0081
1545376921,23.7881,125.4500
1545376931,23.3094,125.8883
1545376941,22.8292,126.3232
1545376951,22.3477,126.7546
1545376961,21.8648,127.1829
1545376971,21.3806,127.6079
1545376981,20.8951,128.0298
1545376991,20.4084,128.4487
1545377001,19.9204,128.8647
1545377011,19.4314,129.2778
1545377021,18.9411,129.6883
1545377031,18.4498,130.0961
1545377041,17.9575,130.5013
1545377051,17.4641,130.9039
1545377061,16.9698,131.3042
1545377071,16.4744,131.7022
1545377081,15.9782,132.0979
1545377091,15.4811,132.4914
1545377101,14.9832,132.8829
1545377111,14.4845,133.2723
1545377121,13.9850,133.6597
1545377131,13.4848,134.0452
1545377141,12.9838,134.4290
1545377151,12.4822,134.8111
1545377161,11.9798,135.1915
1545377172,11.4769,135.5704
1545377182,10.9733,135.9478
1545377191,10.4945,136.3049
1545377201,9.9898,136.6795
1545377211,9.4847,137.0528
1545377221,8.9792,137.4249
1545377231,8.4732,137.7957
1545377241,7.9667,138.1655
1545377251,7.4598,138.5343
1545377261,6.9526,138.9022
1545377271,6.4450,139.2691
1545377281,5.9372,139.6352
1545377291,5.4290,140.0005
1545377301,4.9206,140.3651
1545377311,4.4119,140.7292
1545377321,3.9030,141.0926
1545377331,3.3939,141.4556
1545377341,2.8847,141.8181
1545377351,2.3753,142.1803
1545377361,1.8658,142.5421
1545377371,1.3564,142.9036
1545377382,0.8468,143.2650
1545377392,0.3372,143.6263
1545377402,-0.1725,143.9876
1545377412,-0.6822,144.3489
1545377422,-1.1917,144.7102
1545377432,-1.7014,145.0718
1545377442,-2.2108,145.4335
1545377452,-2.7201,145.7954
1545377462,-3.2292,146.1577
1545377472,-3.7381,146.5203
1545377482,-4.2469,146.8835
1545377492,-4.7554,147.2471
1545377502,-5.2637,147.6114
1545377512,-5.7717,147.9763
1545377521,-6.2540,148.3236
1545377531,-6.7614,148.6900
1545377541,-7.2684,149.0572
1545377551,-7.7751,149.4253
1545377561,-8.2814,149.7945
1545377571,-8.7872,150.1646
1545377581,-9.2926,150.5359
1545377592,-9.7974,150.9084
1545377602,-10.3018,151.2821
1545377612,-10.8056,151.6572
1545377622,-11.3087,152.0336
1545377632,-11.8114,152.4115
1545377642,-12.3134,152.7910
1545377652,-12.8148,153.1720
1545377662,-13.3154,153.5548
1545377672,-13.8154,153.9393
1545377682,-14.3145,154.3256
1545377692,-14.8129,154.7138
1545377702,-15.3105,155.1039
1545377712,-15.8072,155.4961
1545377722,-16.3031,155.8905
1545377732,-16.7980,156.2871
1545377742,-17.2920,156.6859
1545377752,-17.7850,157.0871
1545377762,-18.2770,157.4907
1545377772,-18.7679,157.8969
1545377782,-19.2577,158.3056
1545377792,-19.7465,158.7172
1545377802,-20.2341,159.1314
1545377812,-20.7205,159.5486
1545377822,-21.2058,159.9688
1545377832,-21.6896,160.3918
1545377842,-22.1720,160.8180
1545377852,-22.6292,161.2258
1545377862,-23.1090,161.6584
1545377872,-23.5873,162.0943
1545377882,-24.0644,162.5338
1545377892,-24.5397,162.9768
1545377902,-25.0135,163.4235
1545377912,-25.4857,163.8739
1545377922,-25.9562,164.3283
1545377932,-26.4251,164.7866
1545377942,-26.8920,165.2489
1545377952,-27.3572,165.7154
1545377962,-27.8206,166.1863
1545377972,-28.2820,166.6615
1545377982,-28.7414,167.1412
1545377992,-29.1988,167.6254
1545378002,-29.6542,168.1145
1545378012,-30.1073,168.6082
1545378022,-30.5581,169.1068
1545378032,-31.0067,169.6104
1545378042,-31.4530,170.1191
1545378052,-31.8968,170.6331
1545378062,-32.3384,171.1527
1545378072,-32.7773,171.6776
1545378082,-33.2136,172.2080
1545378092,-33.6473,172.7442
1545378102,-34.0782,173.2862
1545378112,-34.5063,173.8341
1545378122,-34.9315,174.3881
1545378132,-35.3538,174.9482
1545378142,-35.7730,175.5147
1545378152,-36.1684,176.0588
1545378162,-36.5816,176.6380
1545378172,-36.9914,177.2238
1545378182,-37.3978,177.8163
1545378192,-37.8009,178.4157
1545378202,-38.2004,179.0220
1545378212,-38.5962,179.6355
1545378222,-38.9884,-179.7438
1545378232,-39.3768,-179.1156
1545378242,-39.7613,-178.4801
1545378252,-40.1417,-177.8370
1545378262,-40.5181,-177.1863
1545378272,-40.8903,-176.5279
1545378282,-41.2581,-175.8615
1545378292,-41.6216,-175.1872
1545378302,-41.9805,-174.5049
1545378312,-42.3349,-173.8143
1545378322,-42.6845,-173.1156
1545378332,-43.0292,-172.4085
1545378342,-43.3691,-171.6930
1545378352,-43.7039,-170.9689
1545378362,-44.0335,-170.2364
1545378372,-44.3578,-169.4953
1545378382,-44.6766,-168.7456
1545378392,-44.9899,-167.9873
1545378402,-45.2975,-167.2203
1545378412,-45.5993,-166.4446
1545378422,-45.8953,-165.6601
1545378433,-46.1852,-164.8668
1545378443,-46.4689,-164.0648
1545378453,-46.7463,-163.2542
1545378463,-47.0173,-162.4348
1545378472,-47.2688,-161.6483
1545378482,-47.5269,-160.8120
1545378492,-47.7783,-159.9671
1545378502,-48.0228,-159.1138
1545378512,-48.2603,-158.2520
1545378522,-48.4906,-157.3820
1545378532,-48.7135,-156.5038
1545378542,-48.9292,-155.6175
1545378552,-49.1373,-154.7233
1545378562,-49.3377,-153.8214
1545378572,-49.5304,-152.9120
1545378582,-49.7152,-151.9951
1545378592,-49.8920,-151.0710
1545378602,-50.0608,-150.1401
1545378612,-50.2213,-149.2024
1545378622,-50.3735,-148.2583
1545378632,-50.5174,-147.3082
1545378643,-50.6527,-146.3522
1545378653,-50.7795,-145.3906
1545378663,-50.8975,-144.4237
1545378673,-51.0069,-143.4520
1545378683,-51.1074,-142.4756
1545378693,-51.1990,-141.4950
1545378703,-51.2817,-140.5106
1545378713,-51.3554,-139.5227
1545378723,-51.4199,-138.5316
1545378733,-51.4754,-137.5379
1545378743,-51.5217,-136.5418
1545378753,-51.5589,-135.5438
1545378763,-51.5868,-134.5444
1545378773,-51.6055,-133.5439
1545378783,-51.6149,-132.5427
1545378793,-51.6151,-131.5414
1545378803,-51.6061,-130.5402
1545378813,-51.5877,-129.5396
1545378822,-51.5618,-128.5901
1545378832,-51.5255,-127.5920
1545378842,-51.4800,-126.5958
1545378852,-51.4253,-125.6020
1545378863,-51.3616,-124.6108
1545378873,-51.2888,-123.6228
1545378883,-51.2069,-122.6381
1545378893,-51.1161,-121.6574
1545378903,-51.0164,-120.6809
1545378913,-50.9079,-119.7089
1545378923,-50.7907,-118.7418
1545378933,-50.6647,-117.7800
1545378943,-50.5302,-116.8237
1545378953,-50.3872,-115.8733
1545378963,-50.2358,-114.9290
1545378973,-50.0761,-113.9912
1545378983,-49.9082,-113.0601
1545378993,-49.7322,-112.1358
1545379003,-49.5482,-111.2187
1545379013,-49.3564,-110.3089
1545379023,-49.1567,-109.4066
1545379033,-48.9495,-108.5122
1545379043,-48.7347,-107.6256
1545379053,-48.5125,-106.7470
1545379063,-48.2831,-105.8768
1545379073,-48.0464,-105.0147
1545379083,-47.8028,-104.1610
1545379093,-47.5522,-103.3158
1545379103,-47.2948,-102.4791
1545379113,-47.0308,-101.6509
1545379123,-46.7603,-100.8316
1545379133,-46.4833,-100.0210
1545379143,-46.2001,-99.2190
1545379153,-45.9253,-98.4653
1545379163,-45.6301,-97.6803
1545379173,-45.3291,-96.9042
1545379183,-45.0223,-96.1368
1545379193,-44.7098,-95.3781
1545379203,-44.3918,-94.6282
1545379213,-44.0684,-93.8869
1545379223,-43.7397,-93.1542
1545379233,-43.4057,-92.4300
1545379243,-43.0667,-91.7142
1545379253,-42.7228,-91.0069
1545379263,-42.3741,-90.3079
1545379273,-42.0206,-89.6171
1545379283,-41.6625,-88.9345
1545379293,-41.2999,-88.2601
1545379303,-40.9329,-87.5935
1545379313,-40.5616,-86.9348
1545379323,-40.1861,-86.2839
1545379333,-39.8065,-85.6407
1545379343,-39.4229,-85.0050
1545379353,-39.0354,-84.3767
1545379363,-38.6441,-83.7557
1545379373,-38.2491,-83.1421
1545379383,-37.8505,-82.5355
1545379393,-37.4483,-81.9360
1545379403,-37.0427,-81.3434
1545379413,-36.6338,-80.7575
1545379423,-36.2216,-80.1783
1545379433,-35.8062,-79.6056
1545379443,-35.3877,-79.0393
1545379453,-34.9873,-78.5072
1545379463,-34.5630,-77.9531
1545379473,-34.1359,-77.4052
1545379483,-33.7058,-76.8631
1545379493,-33.2731,-76.3269
1545379503,-32.8377,-75.7964
1545379513,-32.3997,-75.2714
1545379523,-31.9592,-74.7520
1545379533,-31.5163,-74.2380
1545379543,-31.0710,-73.7292
1545379553,-30.6233,-73.2256
1545379563,-30.1734,-72.7270
1545379573,-29.7212,-72.2333
1545379583,-29.2669,-71.7445
1545379593,-28.8105,-71.2603
1545379603,-28.3521,-70.7807
1545379613,-27.8916,-70.3056
1545379623,-27.4293,-69.8349
1545379633,-26.9651,-69.3685
1545379643,-26.4991,-68.9062
1545379653,-26.0313,-68.4481
1545379663,-25.5618,-67.9939
1545379673,-25.0907,-67.5437
1545379683,-24.6179,-67.0971
1545379693,-24.1436,-66.6543
1545379704,-23.6677,-66.2150
1545379714,-23.1903,-65.7793
1545379724,-22.7115,-65.3469
1545379734,-22.2313,-64.9179
1545379744,-21.7497,-64.4921
1545379754,-21.2668,-64.0694
1545379764,-20.7827,-63.6497
1545379773,-20.3216,-63.2538
1545379783,-19.8351,-62.8398
1545379793,-19.3474,-62.4286
1545379803,-18.8585,-62.0201
1545379813,-18.3687,-61.6142
1545379823,-17.8777,-61.2108
1545379833,-17.3857,-60.8099
1545379843,-16.8928,-60.4114
1545379853,-16.3989,-60.0152
1545379863,-15.9041,-59.6212
1545379873,-15.4084,-59.2292
1545379883,-14.9118,-58.8394
1545379893,-14.4143,-58.4514
1545379903,-13.9161,-58.0655
1545379913,-13.4172,-57.6814
1545379924,-12.9175,-57.2990
1545379934,-12.4172,-56.9184
1545379944,-11.9162,-56.5393
1545379954,-11.4145,-56.1618
1545379964,-10.9123,-55.7858
1545379974,-10.4095,-55.4112
1545379984,-9.9062,-55.0379
1545379994,-9.4023,-54.6659
1545380004,-8.8978,-54.2950
1545380014,-8.3930,-53.9253
1545380024,-7.8878,-53.5567
1545380034,-7.3821,-53.1891
1545380044,-6.8760,-52.8224
1545380054,-6.3696,-52.4566
1545380064,-5.8628,-52.0915
1545380074,-5.3558,-51.7272
1545380084,-4.8485,-51.3636
1545380094,-4.3409,-51.0006
1545380104,-3.8331,-50.6381
1545380113,-3.3505,-50.2941
1545380123,-2.8423,-49.9325
1545380134,-2.3339,-49.5712
1545380144,-1.8254,-49.2101
1545380154,-1.3169,-48.8494
1545380164,-0.8082,-48.4887
1545380174,-0.2995,-48.1281
1545380184,0.2092,-47.7676
1545380194,0.7179,-47.4071
1545380204,1.2267,-47.0464
1545380214,1.7353,-46.6856
1545380224,2.2439,-46.3245
1545380234,2.7524,-45.9632
1545380244,3.2608,-45.6015
1545380254,3.7690,-45.2394
1545380264,4.2769,-44.8768
1545380274,4.7847,-44.5137
1545380284,5.2924,-44.1499
1545380294,5.7997,-43.7855
1545380304,6.3067,-43.4204
1545380314,6.8135,-43.0544
1545380324,7.3199,-42.6876
1545380334,7.8260,-42.3198
1545380344,8.3316,-41.9510
1545380354,8.8369,-41.5812
1545380364,9.3416,-41.2102
1545380374,9.8460,-40.8380
1545380384,10.3498,-40.4645
1545380394,10.8532,-40.0897
1545380404,11.3560,-39.7134
1545380414,11.8330,-39.3546
1545380424,12.3346,-38.9754
1545380434,12.8356,-38.5946
1545380444,13.3360,-38.2120
1545380454,13.8356,-37.8277
1545380464,14.3344,-37.4416
1545380474,14.8325,-37.0536
1545380484,15.3298,-36.6635
1545380494,15.8264,-36.2713
1545380504,16.3220,-35.8770
1545380514,16.8167,-35.4806
1545380524,17.3106,-35.0817
1545380534,17.8034,-34.6805
1545380544,18.2953,-34.2769
1545380554,18.7861,-33.8707
1545380564,19.2759,-33.4618
1545380574,19.7646,-33.0502
1545380584,20.2522,-32.6358
1545380594,20.7385,-32.2186
1545380604,21.2237,-31.7984
1545380614,21.7076,-31.3751
1545380624,22.1901,-30.9486
1545380634,22.6714,-30.5190
1545380644,23.1513,-30.0860
1545380654,23.6297,-29.6495
1545380664,24.1067,-29.2095
1545380674,24.5823,-28.7659
1545380684,25.0563,-28.3185
1545380694,25.5285,-27.8675
1545380704,25.9992,-27.4125
1545380714,26.4681,-26.9535
1545380724,26.9352,-26.4905
1545380734,27.3773,-26.0467
1545380744,27.8408,-25.5754
1545380754,28.3025,-25.0996
1545380764,28.7622,-24.6193
1545380774,29.2199,-24.1344
1545380784,29.6755,-23.6447
1545380794,30.1290,-23.1502
1545380804,30.5802,-22.6507
1545380814,31.0292,-22.1463
1545380824,31.4759,-21.6365
1545380834,31.9202,-21.1215
1545380844,32.3621,-20.6011
1545380854,32.8014,-20.0752
1545380864,33.2382,-19.5437
1545380874,33.6723,-19.0064
1545380884,34.1036,-18.4632
1545380894,34.5322,-17.9141
1545380904,34.9579,-17.3587
1545380914,35.3807,-16.7972
1545380924,35.8004,-16.2293
1545380934,36.2170,-15.6550
1545380944,36.6304,-15.0741
1545380954,37.0406,-14.4864
1545380964,37.4473,-13.8919
1545380974,37.8507,-13.2905
1545380985,38.2505,-12.6820
1545380995,38.6466,-12.0664
1545381005,39.0391,-11.4434
1545381015,39.4277,-10.8131
1545381025,39.8124,-10.1752
1545381035,40.1932,-9.5296
1545381045,40.5698,-8.8763
1545381055,40.9422,-8.2151
1545381065,41.3103,-7.5460
1545381075,41.6740,-6.8689
1545381084,42.0152,-6.2181
1545381094,42.3699,-5.5251
1545381104,42.7199,-4.8238
1545381114,43.0649,-4.1140
1545381124,43.4051,-3.3958
1545381134,43.7401,-2.6691
1545381144,44.0699,-1.9337
1545381154,44.3943,-1.1897
1545381164,44.7133,-0.4371
1545381174,45.0268,0.3243
1545381184,45.3345,1.0946
1545381195,45.6365,1.8736
1545381205,45.9324,2.6614
1545381215,46.2223,3.4581
1545381225,46.5061,4.2637
1545381235,46.7834,5.0780
1545381245,47.0544,5.9012
1545381255,47.3187,6.7330
1545381265,47.5764,7.5736
1545381275,47.8272,8.4229
1545381285,48.0710,9.2807
1545381295,48.3077,10.1468
1545381305,48.5373,11.0217
1545381315,48.7595,11.9046
1545381325,48.9742,12.7955
1545381335,49.1813,13.6943
1545381345,49.3808,14.6011
1545381355,49.5723,15.5154
1545381365,49.7560,16.4370
1545381375,49.9315,17.3658
1545381385,50.0989,18.3015
1545381394,50.2503,19.1966
1545381405,50.4015,20.1452
1545381415,50.5442,21.1000
1545381425,50.6783,22.0606
1545381435,50.8038,23.0267
1545381445,50.9205,23.9982
1545381455,51.0284,24.9746
1545381465,51.1275,25.9555
1545381475,51.2175,26.9407
1545381485,51.2985,27.9297
1545381495,51.3705,28.9222
1545381505,51.4333,29.9177
1545381515,51.4869,30.9159
1545381525,51.5312,31.9163
1545381535,51.5663,32.9185
1545381545,51.5921,33.9223
1545381555,51.6087,34.9270
1545381565,51.6158,35.9322
1545381575,51.6137,36.9376
1545381585,51.6022,37.9425
1545381595,51.5815,38.9468
1545381605,51.5514,39.9500
1545381615,51.5120,40.9516
1545381625,51.4634,41.9510
1545381635,51.4056,42.9482
1545381645,51.3386,43.9427
1545381655,51.2625,44.9337
1545381665,51.1773,45.9211
1545381675,51.0831,46.9046
1545381685,50.9799,47.8837
1545381695,50.8679,48.8582
1545381705,50.7471,49.8275
1545381715,50.6176,50.7914
1545381725,50.4866,51.7019
1545381735,50.3403,52.6545
1545381745,50.1857,53.6008
1545381755,50.0226,54.5406
1545381765,49.8514,55.4735
1545381775,49.6720,56.3995
1545381785,49.4846,57.3181
1545381795,49.2893,58.2293
1545381805,49.0862,59.1327
1545381815,48.8754,60.0284
1545381825,48.6571,60.9161
1545381835,48.4314,61.7955
1545381845,48.1984,62.6667
1545381855,47.9582,63.5294
1545381865,47.7110,64.3838
1545381875,47.4568,65.2295
1545381885,47.1959,66.0665
1545381895,46.9283,66.8948
1545381905,46.6541,67.7144
1545381915,46.3736,68.5252
1545381925,46.0867,69.3272
1545381935,45.7937,70.1203
1545381945,45.4947,70.9046
1545381955,45.1898,71.6801
1545381965,44.8791,72.4468
1545381975,44.5627,73.2047
1545381985,44.2408,73.9539
1545381995,43.9135,74.6945
1545382005,43.5809,75.4265
1545382015,43.2432,76.1498
1545382025,42.9004,76.8646
1545382035,42.5526,77.5710
1545382046,42.2001,78.2690
1545382055,41.8608,78.9245
1545382065,41.4991,79.6064
1545382075,41.1330,80.2803
1545382085,40.7624,80.9462
1545382095,40.3876,81.6043
1545382105,40.0086,82.2544
1545382115,39.6255,82.8970
1545382125,39.2384,83.5320
1545382135,38.8474,84.1595
1545382145,38.4527,84.7796
1545382155,38.0543,85.3925
1545382165,37.6523,85.9982
1545382175,37.2468,86.5969
1545382185,36.8379,87.1886
1545382195,36.4257,87.7736
1545382205,36.0102,88.3520
1545382215,35.5916,88.9238
1545382225,35.1698,89.4892
1545382235,34.7451,90.0484
1545382245,34.3173,90.6013
1545382256,33.8868,91.1482
1545382266,33.4535,91.6891
1545382276,33.0176,92.2242
1545382286,32.5789,92.7537
1545382296,32.1377,93.2775
1545382306,31.6940,93.7959
1545382316,31.2478,94.3090
1545382326,30.7992,94.8169
1545382336,30.3483,95.3196
1545382346,29.8953,95.8172
1545382356,29.4400,96.3100
1545382365,29.0056,96.7737
1545382375,28.5463,97.2572
1545382385,28.0849,97.7362
1545382395,27.6216,98.2106
1545382405,27.1565,98.6807
1545382415,26.6895,99.1466
1545382425,26.2207,99.6082
1545382435,25.7503,100.0657
1545382445,25.2781,100.5193
1545382455,24.8043,100.9690
1545382466,24.3288,101.4150
1545382476,23.8518,101.8574
1545382486,23.3734,102.2961
1545382496,22.8934,102.7314
1545382506,22.4121,103.1634
1545382516,21.9294,103.5920
1545382526,21.4453,104.0174
1545382536,20.9601,104.4397
1545382546,20.4736,104.8590
1545382556,19.9858,105.2754
1545382566,19.4968,105.6889
1545382576,19.0068,106.0997
1545382586,18.5156,106.5078
1545382596,18.0234,106.9133
1545382606,17.5302,107.3163
1545382616,17.0360,107.7170
1545382626,16.5408,108.1152
1545382636,16.0447,108.5112
1545382646,15.5478,108.9050
1545382656,15.0500,109.2966
1545382666,14.5514,109.6863
1545382676,14.0521,110.0740
1545382686,13.5770,110.4405
1545382696,13.0762,110.8246
1545382706,12.5747,111.2070
1545382716,12.0725,111.5877
1545382726,11.5697,111.9668
1545382736,11.0663,112.3444
1545382746,10.5624,112.7205
1545382756,10.0579,113.0952
1545382766,9.5529,113.4687
1545382776,9.0474,113.8409
1545382786,8.5414,114.2119
1545382796,8.0351,114.5818
1545382806,7.5282,114.9508
1545382816,7.0211,115.3187
1545382826,6.5136,115.6857
1545382836,6.0058,116.0519
1545382846,5.4976,116.4174
1545382856,4.9892,116.7821
1545382866,4.4806,117.1462
1545382876,3.9718,117.5097
1545382886,3.4628,117.8727
1545382896,2.9536,118.2353
1545382906,2.4443,118.5974
1545382916,1.9348,118.9593
1545382926,1.4253,119.3209
1545382936,0.9157,119.6823
1545382946,0.4061,120.0436
1545382956,-0.1035,120.4048
1545382966,-0.6132,120.7661
1545382976,-1.1228,121.1275
1545382986,-1.6323,121.4889
1545382996,-2.1416,121.8505
1545383006,-2.6510,122.2125
1545383016,-3.1347,122.5566
1545383026,-3.6437,122.9192
1545383036,-4.1525,123.2822
1545383046,-4.6610,123.6457
1545383056,-5.1693,124.0099
1545383066,-5.6774,124.3746
1545383076,-6.1852,124.7401
1545383086,-6.6926,125.1064
1545383096,-7.1997,125.4735
1545383106,-7.7065,125.8415
1545383116,-8.2128,126.2105
1545383126,-8.7187,126.5805
1545383136,-9.2241,126.9517
1545383146,-9.7290,127.3240
1545383156,-10.2334,127.6975
1545383166,-10.7373,128.0724
1545383176,-11.2406,128.4487
1545383186,-11.7434,128.8264
1545383196,-12.2454,129.2056
1545383206,-12.7469,129.5864
1545383216,-13.2476,129.9690
1545383226,-13.7477,130.3532
1545383236,-14.2471,130.7394
1545383246,-14.7456,131.1273
1545383256,-15.2432,131.5172
1545383266,-15.7401,131.9091
1545383276,-16.2361,132.3033
1545383286,-16.7312,132.6995
1545383296,-17.2253,133.0980
1545383306,-17.7184,133.4989
1545383316,-18.1860,133.8820
1545383326,-18.6771,134.2877
1545383336,-19.1672,134.6960
1545383346,-19.6561,135.1069
1545383356,-20.1439,135.5207
1545383366,-20.6305,135.9372
1545383376,-21.1159,136.3568
1545383386,-21.5999,136.7792
1545383396,-22.0826,137.2048
1545383406,-22.5640,137.6336
1545383416,-23.0441,138.0658
1545383426,-23.5226,138.5012
1545383436,-23.9997,138.9401
1545383446,-24.4753,139.3826
1545383456,-24.9492,139.8287
1545383466,-25.4216,140.2786
1545383476,-25.8923,140.7324
1545383486,-26.3613,141.1901
1545383496,-26.8286,141.6519
1545383506,-27.2940,142.1179
1545383516,-27.7576,142.5881
1545383526,-28.2192,143.0626
1545383537,-28.6789,143.5416
1545383547,-29.1364,144.0252
1545383557,-29.5920,144.5134
1545383567,-30.0453,145.0064
1545383577,-30.4965,145.5043
1545383587,-30.9455,146.0074
1545383597,-31.3921,146.5154
1545383607,-31.8363,147.0287
1545383617,-32.2781,147.5474
1545383627,-32.7174,148.0715
1545383637,-33.1541,148.6012
1545383646,-33.5665,149.1097
1545383656,-33.9979,149.6507
1545383666,-34.4265,150.1975
1545383676,-34.8523,150.7503
1545383686,-35.2751,151.3093
1545383696,-35.6949,151.8746
1545383706,-36.1117,152.4463
1545383716,-36.5251,153.0244
1545383726,-36.9355,153.6093
1545383736,-37.3424,154.2009
1545383747,-37.7459,154.7994
1545383757,-38.1459,155.4048
1545383767,-38.5423,156.0172
1545383777,-38.9349,156.6369
1545383787,-39.3238,157.2640
1545383797,-39.7088,157.8984
1545383807,-40.0898,158.5405
1545383817,-40.4668,159.1901
1545383827,-40.8395,159.8476
1545383837,-41.2079,160.5128
1545383847,-41.5720,161.1861
1545383857,-41.9316,161.8673
1545383867,-42.2866,162.5567
1545383877,-42.6368,163.2543
1545383887,-42.9822,163.9602
1545383897,-43.3227,164.6745
1545383907,-43.6582,165.3973
1545383917,-43.9885,166.1286
1545383927,-44.3135,166.8685
1545383937,-44.6331,167.6170
1545383947,-44.9472,168.3742
1545383957,-45.2556,169.1400
1545383967,-45.5582,169.9145
1545383977,-45.8549,170.6977
1545383987,-46.1313,171.4500
1545383997,-46.4162,172.2503
1545384007,-46.6948,173.0593
1545384017,-46.9671,173.8772
1545384027,-47.2328,174.7038
1545384037,-47.4919,175.5389
1545384047,-47.7443,176.3827
1545384057,-47.9897,177.2349
1545384067,-48.2281,178.0953
1545384077,-48.4593,178.9642
1545384087,-48.6834,179.8414
1545384097,-48.9000,-179.2733
1545384107,-49.1092,-178.3802
1545384117,-49.3107,-177.4794
1545384127,-49.5044,-176.5710
1545384137,-49.6903,-175.6553
1545384147,-49.8682,-174.7323
1545384157,-50.0380,-173.8024
1545384167,-50.1997,-172.8657
1545384177,-50.3531,-171.9226
1545384187,-50.4981,-170.9732
1545384197,-50.6346,-170.0180
1545384207,-50.7626,-169.0569
1545384217,-50.8818,-168.0906
1545384227,-50.9924,-167.1194
1545384237,-51.0941,-166.1436
1545384247,-51.1870,-165.1636
1545384257,-51.2709,-164.1795
1545384267,-51.3458,-163.1920
1545384277,-51.4116,-162.2014
1545384287,-51.4684,-161.2079
1545384297,-51.5159,-160.2121
1545384307,-51.5526,-159.2643
1545384317,-51.5823,-158.2651
1545384327,-51.6027,-157.2648
1545384337,-51.6139,-156.2637
1545384347,-51.6158,-155.2623
1545384357,-51.6084,-154.2611
1545384367,-51.5919,-153.2604
1545384377,-51.5660,-152.2607
1545384387,-51.5310,-151.2624
1545384397,-51.4867,-150.2659
1545384407,-51.4334,-149.2717
1545384417,-51.3708,-148.2801
1545384427,-51.2993,-147.2916
1545384437,-51.2186,-146.3065
1545384447,-51.1291,-145.3251
1545384457,-51.0306,-144.3480
1545384467,-50.9233,-143.3754
1545384477,-50.8072,-142.4077
1545384487,-50.6825,-141.4451
1545384497,-50.5491,-140.4879
1545384507,-50.4073,-139.5367
1545384517,-50.2570,-138.5915
1545384527,-50.0984,-137.6527
1545384537,-49.9316,-136.7206
1545384547,-49.7567,-135.7953
1545384557,-49.5738,-134.8772
1545384567,-49.3830,-133.9665
1545384577,-49.1845,-133.0633
1545384587,-48.9783,-132.1678
1545384598,-48.7645,-131.2802
1545384608,-48.5433,-130.4005
1545384618,-48.3148,-129.5290
1545384628,-48.0792,-128.6658
1545384638,-47.8365,-127.8110
1545384648,-47.5869,-126.9646
1545384658,-47.3305,-126.1269
1545384667,-47.0807,-125.3390
1545384677,-46.8114,-124.5181
1545384687,-46.5356,-123.7057
1545384697,-46.2535,-122.9022
1545384707,-45.9653,-122.1075
1545384717,-45.6710,-121.3215
1545384727,-45.3708,-120.5442
1545384737,-45.0648,-119.7757
1545384747,-44.7531,-119.0159
1545384757,-44.4359,-118.2648
1545384767,-44.1132,-117.5224
1545384777,-43.7853,-116.7885
1545384787,-43.4521,-116.0632
1545384797,-43.1138,-115.3463
1545384807,-42.7706,-114.6379
1545384818,-42.4225,-113.9378
1545384828,-42.0697,-113.2459
1545384838,-41.7122,-112.5622
1545384848,-41.3503,-111.8866
1545384858,-40.9838,-111.2188
1545384868,-40.6131,-110.5590
1545384878,-40.2382,-109.9070
1545384888,-39.8591,-109.2627
1545384898,-39.4760,-108.6259
1545384908,-39.0890,-107.9966
1545384918,-38.6983,-107.3747
1545384928,-38.3038,-106.7601
1545384938,-37.9057,-106.1526
1545384948,-37.5040,-105.5521
1545384958,-37.0989,-104.9586
1545384968,-36.6905,-104.3719
1545384977,-36.2995,-103.8206
1545384987,-35.8847,-103.2468
1545384997,-35.4668,-102.6793
1545385007,-35.0458,-102.1182
1545385017,-34.6219,-101.5633
1545385028,-34.1952,-101.0145
1545385038,-33.7656,-100.4717
1545385048,-33.3333,-99.9347
1545385058,-32.8982,-99.4034
1545385068,-32.4606,-98.8777
1545385078,-32.0205,-98.3576
1545385088,-31.5779,-97.8428
1545385098,-31.1329,-97.3333
1545385108,-30.6855,-96.8290
1545385118,-30.2359,-96.3297
1545385128,-29.7840,-95.8353
1545385138,-29.3300,-95.3458
1545385148,-28.8739,-94.8610
1545385158,-28.4158,-94.3808
1545385168,-27.9557,-93.9051
1545385178,-27.4936,-93.4338
1545385188,-27.0297,-92.9668
1545385198,-26.5640,-92.5040
1545385208,-26.0964,-92.0453
1545385218,-25.6272,-91.5906
1545385228,-25.1563,-91.1398
1545385238,-24.6837,-90.6928
1545385248,-24.2096,-90.2494
1545385258,-23.7339,-89.8097
1545385268,-23.2568,-89.3735
1545385278,-22.7782,-88.9407
1545385288,-22.2981,-88.5112
1545385298,-21.8167,-88.0849
1545385308,-21.3340,-87.6617
1545385318,-20.8742,-87.2626
1545385328,-20.3891,-86.8453
1545385338,-19.9027,-86.4309
1545385348,-19.4152,-86.0194
1545385358,-18.9266,-85.6105
1545385368,-18.4368,-85.2043
1545385378,-17.9460,-84.8006
1545385388,-17.4542,-84.3993
1545385398,-16.9614,-84.0005
1545385408,-16.4676,-83.6039
1545385418,-15.9729,-83.2096
1545385428,-15.4772,-82.8174
1545385438,-14.9808,-82.4272
1545385448,-14.4835,-82.0391
1545385458,-13.9855,-81.6529
1545385468,-13.4867,-81.2686
1545385478,-12.9872,-80.8861
1545385488,-12.4870,-80.5052
1545385498,-11.9861,-80.1259
1545385508,-11.4845,-79.7482
1545385518,-10.9824,-79.3719
1545385528,-10.4796,-78.9971
1545385538,-9.9764,-78.6237
1545385548,-9.4726,-78.2515
1545385558,-8.9683,-77.8805
1545385568,-8.4635,-77.5107
1545385578,-7.9583,-77.1419
1545385588,-7.4526,-76.7742
1545385598,-6.9466,-76.4073
1545385608,-6.4402,-76.0414
1545385618,-5.9335,-75.6762
1545385628,-5.4265,-75.3118
1545385638,-4.9446,-74.9663
1545385648,-4.4371,-74.6032
1545385658,-3.9293,-74.2405
1545385668,-3.4213,-73.8784
1545385678,-2.9131,-73.5167
1545385688,-2.4048,-73.1553
1545385698,-1.8963,-72.7942
1545385708,-1.3878,-72.4334
1545385718,-0.8791,-72.0728
1545385728,-0.3704,-71.7122
1545385738,0.1383,-71.3517
1545385748,0.6470,-70.9911
1545385758,1.1557,-70.6305
1545385768,1.6643,-70.2698
1545385778,2.1729,-69.9087
1545385788,2.6814,-69.5474
1545385798,3.1898,-69.1858
1545385808,3.6980,-68.8238
1545385818,4.2060,-68.4613
1545385828,4.7139,-68.0982
1545385838,5.2215,-67.7346
1545385848,5.7289,-67.3703
1545385858,6.2359,-67.0052
1545385868,6.7427,-66.6394
1545385878,7.2492,-66.2727
1545385889,7.7553,-65.9050
1545385899,8.2611,-65.5364
1545385909,8.7664,-65.1667
1545385919,9.2713,-64.7958
1545385929,9.7758,-64.4237
1545385939,10.2797,-64.0505
1545385949,10.7831,-63.6758
1545385959,11.2859,-63.2998
1545385969,11.7882,-62.9223
1545385978,12.2648,-62.5622
1545385988,12.7659,-62.1816
1545385998,13.2662,-61.7993
1545386008,13.7659,-61.4153
1545386018,14.2648,-61.0294
1545386028,14.7631,-60.6416
1545386038,15.2605,-60.2519
1545386048,15.7571,-59.8600
1545386058,16.2529,-59.4660
1545386068,16.7477,-59.0698
1545386078,17.2417,-58.6713
1545386088,17.7347,-58.2705
1545386099,18.2267,-57.8672
1545386109,18.7176,-57.4614
1545386119,19.2075,-57.0529
1545386129,19.6963,-56.6418
1545386139,20.1840,-56.2278
1545386149,20.6705,-55.8110
1545386159,21.1558,-55.3912
1545386169,21.6399,-54.9683
1545386179,22.1226,-54.5424
1545386189,22.6041,-54.1132
1545386199,23.0841,-53.6807
1545386209,23.5627,-53.2448
1545386219,24.0399,-52.8053
1545386229,24.5155,-52.3623
1545386239,24.9896,-51.9156
1545386249,25.4621,-51.4651
1545386259,25.9329,-51.0107
1545386269,26.4021,-50.5522
1545386279,26.8695,-50.0898
1545386289,27.3351,-49.6231
1545386299,27.7988,-49.1522
1545386309,28.2376,-48.7007
1545386319,28.6975,-48.2211
1545386329,29.1555,-47.7368
1545386339,29.6114,-47.2479
1545386349,30.0651,-46.7541
1545386359,30.5167,-46.2554
1545386369,30.9660,-45.7516
1545386379,31.4130,-45.2427
1545386389,31.8576,-44.7284
1545386399,32.2998,-44.2088
1545386409,32.7395,-43.6837
1545386419,33.1766,-43.1530
1545386429,33.6111,-42.6165
1545386439,34.0429,-42.0741
1545386449,34.4718,-41.5258
1545386459,34.8979,-40.9714
1545386469,35.3211,-40.4107
1545386479,35.7413,-39.8438
1545386489,36.1583,-39.2704
1545386499,36.5721,-38.6904
1545386509,36.9829,-38.1036
1545386519,37.3901,-37.5101
1545386529,37.7940,-36.9096
1545386539,38.1944,-36.3020
1545386549,38.5911,-35.6872
1545386559,38.9842,-35.0652
1545386569,39.3734,-34.4359
1545386579,39.7586,-33.7990
1545386589,40.1399,-33.1545
1545386599,40.5171,-32.5024
1545386609,40.8901,-31.8424
1545386619,41.2588,-31.1744
1545386629,41.6231,-30.4984
1545386639,41.9650,-29.8487
1545386649,42.3203,-29.1569
1545386659,42.6709,-28.4567
1545386669,43.0167,-27.7482
1545386679,43.3575,-27.0312
1545386689,43.6932,-26.3057
1545386699,44.0238,-25.5716
1545386709,44.3490,-24.8288
1545386719,44.6688,-24.0773
1545386729,44.9831,-23.3170
1545386739,45.2917,-22.5479
1545386749,45.5944,-21.7701
1545386759,45.8913,-20.9834
1545386769,46.1821,-20.1880
1545386779,46.4667,-19.3836
1545386789,46.7449,-18.5705
1545386799,47.0168,-17.7486
1545386809,47.2821,-16.9180
1545386819,47.5406,-16.0786
1545386829,47.7924,-15.2306
1545386839,48.0372,-14.3740
1545386849,48.2750,-13.5090
1545386859,48.5055,-12.6356
1545386869,48.7287,-11.7540
1545386879,48.9444,-10.8643
1545386889,49.1527,-9.9665
1545386899,49.3531,-9.0610
1545386909,49.5458,-8.1478
1545386919,49.7216,-7.2733
1545386929,49.8987,-6.3458
1545386939,50.0676,-5.4114
1545386949,50.2283,-4.4702
1545386959,50.3807,-3.5224
1545386969,50.5246,-2.5685
1545386979,50.6600,-1.6087
1545386989,50.7867,-0.6433
1545386999,50.9046,0.3275
1545387009,51.0138,1.3033
1545387019,51.1141,2.2836
1545387029,51.2054,3.2682
1545387039,51.2877,4.2566
1545387049,51.3609,5.2484
1545387059,51.4250,6.2435
1545387069,51.4799,7.2413
1545387079,51.5255,8.2414
1545387089,51.5619,9.2434
1545387099,51.5891,10.2470
1545387109,51.6069,11.2516
1545387119,51.6154,12.2567
1545387129,51.6146,13.2621
1545387139,51.6044,14.2672
1545387149,51.5850,15.2716
1545387160,51.5562,16.2750
1545387170,51.5181,17.2768
1545387180,51.4708,18.2767
1545387190,51.4143,19.2742
1545387200,51.3486,20.2689
1545387210,51.2737,21.2604
1545387220,51.1898,22.2485
1545387230,51.0969,23.2326
1545387240,50.9950,24.2124
1545387250,50.8842,25.1875
1545387259,50.7708,26.1092
1545387269,50.6430,27.0742
1545387279,50.5065,28.0336
1545387289,50.3614,28.9871
1545387299,50.2079,29.9342
1545387309,50.0460,30.8751
1545387319,49.8759,31.8091
1545387329,49.6977,32.7359
1545387339,49.5114,33.6556
1545387349,49.3172,34.5677
1545387359,49.1153,35.4722
1545387370,48.9056,36.3690
1545387380,48.6884,37.2577
1545387390,48.4637,38.1383
1545387400,48.2317,39.0107
1545387410,47.9925,39.8746
1545387420,47.7463,40.7301
1545387430,47.4931,41.5770
1545387440,47.2331,42.4153
1545387450,46.9664,43.2447
1545387460,46.6932,44.0656
1545387470,46.4134,44.8778
1545387480,46.1275,45.6810
1545387490,45.8353,46.4755
1545387500,45.5371,47.2611
1545387510,45.2329,48.0381
1545387520,44.9229,48.8061
1545387530,44.6074,49.5653
1545387540,44.2862,50.3159
1545387550,43.9596,51.0577
1545387560,43.6278,51.7907
1545387570,43.2907,52.5153
1545387580,42.9658,53.1957
1545387590,42.6190,53.9036
1545387600,42.2674,54.6033
1545387610,41.9110,55.2946
1545387620,41.5499,55.9777
1545387630,41.1844,56.6527
1545387640,40.8145,57.3197
1545387650,40.4403,57.9788
1545387660,40.0619,58.6300
1545387670,39.6794,59.2736
1545387680,39.2928,59.9097
1545387690,38.9024,60.5383
1545387700,38.5082,61.1594
1545387710,38.1103,61.7732
1545387720,37.7088,62.3799
1545387730,37.3038,62.9796
1545387740,36.8954,63.5723
1545387750,36.4836,64.1583
1545387760,36.0685,64.7377
1545387770,35.6503,65.3104
1545387780,35.2290,65.8767
1545387790,34.8046,66.4367
1545387800,34.3773,66.9905
1545387810,33.9472,67.5382
1545387820,33.5144,68.0799
1545387830,33.0787,68.6159
1545387840,32.6405,69.1461
1545387850,32.1996,69.6706
1545387860,31.7563,70.1897
1545387870,31.3106,70.7035
1545387880,30.8624,71.2119
1545387890,30.4120,71.7152
1545387900,29.9820,72.1888
1545387910,29.5272,72.6824
1545387920,29.0703,73.1712
1545387930,28.6114,73.6553
1545387940,28.1503,74.1348
1545387950,27.6874,74.6099
1545387960,27.2225,75.0805
1545387970,26.7558,75.5469
1545387980,26.2873,76.0091
1545387990,25.8170,76.4673
1545388000,25.3450,76.9215
1545388010,24.8714,77.3718
1545388020,24.3961,77.8184
1545388030,23.9193,78.2613
1545388040,23.4411,78.7005
1545388050,22.9614,79.1363
1545388060,22.4802,79.5687
1545388070,21.9976,79.9978
1545388080,21.5137,80.4237
1545388090,21.0284,80.8466
1545388100,20.5420,81.2664
1545388110,20.0545,81.6831
1545388120,19.5656,82.0971
1545388130,19.0757,82.5083
1545388140,18.5847,82.9167
1545388150,18.0927,83.3227
1545388160,17.5996,83.7260
1545388170,17.1055,84.1270
1545388180,16.6104,84.5255
1545388190,16.1145,84.9218
1545388200,15.6178,85.3159
1545388210,15.1201,85.7079
1545388220,14.6465,86.0784
1545388230,14.1473,86.4664
1545388240,13.6473,86.8526
1545388250,13.1465,87.2370
1545388260,12.6451,87.6196
1545388270,12.1431,88.0005
1545388280,11.6403,88.3798
1545388290,11.1371,88.7576
1545388300,10.6332,89.1339
1545388310,10.1288,89.5088
1545388320,9.6239,89.8824
1545388330,9.1184,90.2549
1545388340,8.6125,90.6261
1545388350,8.1061,90.9962
1545388360,7.5994,91.3652
1545388370,7.0923,91.7333
1545388380,6.5848,92.1004
1545388390,6.0770,92.4668
1545388400,5.5690,92.8323
1545388410,5.0607,93.1971
1545388420,4.5521,93.5612
1545388430,4.0433,93.9248
1545388441,3.5343,94.2879
1545388451,3.0251,94.6505
1545388461,2.5158,95.0128
1545388471,2.0063,95.3747
1545388481,1.4968,95.7363
1545388491,0.9872,96.0978
1545388501,0.4776,96.4591
1545388511,-0.0321,96.8204
1545388521,-0.5417,97.1816
1545388531,-1.0513,97.5429
1545388540,-1.5353,97.8863
1545388550,-2.0448,98.2479
1545388560,-2.5541,98.6097
1545388570,-3.0633,98.9719
1545388580,-3.5723,99.3344
1545388590,-4.0811,99.6974
1545388600,-4.5898,100.0609
1545388610,-5.0981,100.4250
1545388620,-5.6062,100.7896
1545388630,-6.1140,101.1550
1545388640,-6.6215,101.5211
1545388651,-7.1286,101.8881
1545388661,-7.6354,102.2561
1545388671,-8.1419,102.6250
1545388681,-8.6479,102.9949
1545388691,-9.1534,103.3659
1545388701,-9.6585,103.7381
1545388711,-10.1630,104.1114
1545388721,-10.6669,104.4861
1545388731,-11.1704,104.8622
1545388741,-11.6732,105.2397
1545388751,-12.1754,105.6188
1545388761,-12.6769,105.9994
1545388771,-13.1778,106.3816
1545388781,-13.6778,106.7656
1545388791,-14.1772,107.1513
1545388801,-14.6758,107.5390
1545388811,-15.1735,107.9286
1545388821,-15.6705,108.3202
1545388831,-16.1666,108.7140
1545388841,-16.6617,109.1099
1545388851,-17.1560,109.5081
1545388861,-17.6492,109.9086
1545388871,-18.1414,110.3115
1545388881,-18.6327,110.7170
1545388891,-19.0983,111.1046
1545388901,-19.5874,111.5151
1545388911,-20.0753,111.9284
1545388921,-20.5620,112.3445
1545388931,-21.0475,112.7636
1545388941,-21.5319,113.1858
1545388951,-22.0148,113.6109
1545388961,-22.4964,114.0392
1545388971,-22.9765,114.4708
1545388981,-23.4553,114.9058
1545388991,-23.9326,115.3442
1545389001,-24.4084,115.7862
1545389011,-24.8826,116.2319
1545389021,-25.3552,116.6812
1545389031,-25.8262,117.1345
1545389041,-26.2955,117.5917
1545389051,-26.7630,118.0529
1545389061,-27.2286,118.5182
1545389071,-27.6924,118.9878
1545389081,-28.1544,119.4618
1545389091,-28.6143,119.9401
1545389101,-29.0722,120.4231
1545389111,-29.5281,120.9107
1545389121,-29.9818,121.4030
1545389131,-30.4332,121.9002
1545389141,-30.8825,122.4025
1545389151,-31.3294,122.9098
1545389161,-31.7739,123.4223
1545389171,-32.2160,123.9402
1545389181,-32.6556,124.4635
1545389191,-33.0927,124.9924
1545389201,-33.5270,125.5270
1545389211,-33.9372,126.0402
1545389221,-34.3663,126.5862
1545389231,-34.7924,127.1382
1545389241,-35.2157,127.6963
1545389251,-35.6359,128.2607
1545389261,-36.0531,128.8315
1545389271,-36.4671,129.4088
1545389281,-36.8778,129.9927
1545389291,-37.2852,130.5833
1545389301,-37.6892,131.1807
1545389311,-38.0897,131.7851
1545389321,-38.4867,132.3968
1545389331,-38.8799,133.0154
1545389341,-39.2693,133.6415
1545389351,-39.6548,134.2749
1545389361,-40.0364,134.9158
1545389371,-40.4140,135.5645
1545389381,-40.7873,136.2208
1545389391,-41.1564,136.8850
1545389401,-41.5213,137.5574
1545389411,-41.8815,138.2375
1545389421,-42.2371,138.9257
1545389431,-42.5880,139.6222
1545389441,-42.9342,140.3270
1545389451,-43.2754,141.0401
1545389461,-43.6115,141.7617
1545389471,-43.9426,142.4918
1545389481,-44.2683,143.2305
1545389491,-44.5886,143.9777
1545389502,-44.9035,144.7336
1545389512,-45.2127,145.4982
1545389521,-45.5011,146.2326
1545389531,-45.7990,147.0145
1545389541,-46.0909,147.8049
1545389551,-46.3767,148.6040
1545389561,-46.6563,149.4120
1545389571,-46.9294,150.2287
1545389581,-47.1961,151.0539
1545389591,-47.4561,151.8879
1545389601,-47.7094,152.7304
1545389611,-47.9558,153.5814
1545389621,-48.1952,154.4408
1545389631,-48.4275,155.3086
1545389641,-48.6526,156.1846
1545389651,-48.8702,157.0687
1545389661,-49.0804,157.9607
1545389671,-49.2830,158.8604
1545389681,-49.4778,159.7678
1545389691,-49.6648,160.6825
1545389701,-49.8438,161.6045
1545389712,-50.0148,162.5335
1545389722,-50.1776,163.4693
1545389732,-50.3321,164.4115
1545389742,-50.4783,165.3600
1545389752,-50.6160,166.3144
1545389762,-50.7452,167.2745
1545389772,-50.8657,168.2400
1545389782,-50.9775,169.2105
1545389792,-51.0804,170.1858
1545389802,-51.1745,171.1653
1545389812,-51.2597,172.1489
1545389822,-51.3359,173.1360
1545389832,-51.4030,174.1262
1545389842,-51.4610,175.1193
1545389852,-51.5098,176.1148
1545389861,-51.5478,177.0624
1545389871,-51.5787,178.0616
1545389881,-51.6004,179.0619
1545389891,-51.6129,-179.9372
1545389901,-51.6161,-178.9358
1545389911,-51.6100,-177.9345
1545389922,-51.5947,-176.9337
1545389932,-51.5702,-175.9338
1545389942,-51.5364,-174.9352
1545389952,-51.4935,-173.9385
1545389962,-51.4413,-172.9440
1545389972,-51.3801,-171.9521
1545389982,-51.3098,-170.9629
1545389992,-51.2304,-169.9772
1545390002,-51.1421,-168.9954
1545390012,-51.0448,-168.0176
1545390022,-50.9387,-167.0443
1545390032,-50.8239,-166.0759
1545390042,-50.7003,-165.1124
1545390052,-50.5682,-164.1545
1545390062,-50.4275,-163.2025
1545390072,-50.2784,-162.2565
1545390082,-50.1210,-161.3169
1545390092,-49.9554,-160.3839
1545390102,-49.7816,-159.4577
1545390112,-49.5998,-158.5387
1545390122,-49.4101,-157.6269
1545390132,-49.2126,-156.7226
1545390142,-49.0075,-155.8260
1545390152,-48.7947,-154.9371
1545390162,-48.5746,-154.0563
1545390172,-48.3586,-153.2271
1545390182,-48.1243,-152.3622
1545390192,-47.8829,-151.5057
1545390202,-47.6346,-150.6577
1545390212,-47.3794,-149.8183
1545390222,-47.1176,-148.9875
1545390232,-46.8492,-148.1654
1545390242,-46.5743,-147.3519
1545390252,-46.2931,-146.5471
1545390262,-46.0057,-145.7512
1545390272,-45.7123,-144.9639
1545390282,-45.4129,-144.1854
1545390292,-45.1076,-143.4157
1545390302,-44.7967,-142.6546
1545390312,-44.4802,-141.9023
1545390322,-44.1583,-141.1586
1545390332,-43.8310,-140.4235
1545390342,-43.4986,-139.6970
1545390352,-43.1610,-138.9790
1545390362,-42.8184,-138.2693
1545390372,-42.4710,-137.5680
1545390382,-42.1188,-136.8749
1545390392,-41.7619,-136.1900
1545390402,-41.4006,-135.5133
1545390412,-41.0348,-134.8446
1545390422,-40.6647,-134.1837
1545390432,-40.2903,-133.5307
1545390442,-39.9118,-132.8853
1545390452,-39.5294,-132.2476
1545390462,-39.1430,-131.6173
1545390472,-38.7527,-130.9944
1545390482,-38.3587,-130.3788
1545390492,-37.9611,-129.7703
1545390502,-37.5599,-129.1688
1545390512,-37.1756,-128.6038
1545390522,-36.7677,-128.0157
1545390532,-36.3566,-127.4343
1545390542,-35.9422,-126.8595
1545390552,-35.5247,-126.2912
1545390562,-35.1042,-125.7292
1545390572,-34.6807,-125.1734
1545390582,-34.2542,-124.6237
1545390592,-33.8250,-124.0800
1545390602,-33.3930,-123.5422
1545390612,-32.9583,-123.0100
1545390622,-32.5211,-122.4836
1545390632,-32.0813,-121.9628
1545390642,-31.6391,-121.4473
1545390652,-31.1944,-120.9371
1545390662,-30.7473,-120.4320
1545390672,-30.2980,-119.9321
1545390682,-29.8465,-119.4370
1545390692,-29.3927,-118.9468
1545390702,-28.9370,-118.4614
1545390712,-28.4791,-117.9805
1545390722,-28.0192,-117.5042
1545390732,-27.5575,-117.0324
1545390742,-27.0938,-116.5648
1545390752,-26.6282,-116.1014
1545390762,-26.1609,-115.6420
1545390773,-25.6918,-115.1867
1545390783,-25.2212,-114.7354
1545390793,-24.7488,-114.2879
1545390803,-24.2749,-113.8441
1545390813,-23.7995,-113.4038
1545390823,-23.3224,-112.9670
1545390833,-22.8440,-112.5338
1545390842,-22.3882,-112.1252
1545390852,-21.9070,-111.6983
1545390862,-21.4245,-111.2745
1545390872,-20.9408,-110.8539
1545390882,-20.4558,-110.4362
1545390892,-19.9695,-110.0214
1545390902,-19.4822,-109.6095
1545390912,-18.9936,-109.2002
1545390922,-18.5040,-108.7936
1545390932,-18.0133,-108.3895
1545390942,-17.5216,-107.9880
1545390952,-17.0290,-107.5888
1545390962,-16.5353,-107.1919
1545390972,-16.0407,-106.7973
1545390983,-15.5452,-106.4048
1545390993,-15.0489,-106.0144
1545391003,-14.5518,-105.6260
1545391013,-14.0538,-105.2395
1545391023,-13.5551,-104.8549
1545391033,-13.0556,-104.4721
1545391043,-12.5555,-104.0910
1545391053,-12.0546,-103.7115
1545391063,-11.5531,-103.3335
1545391073,-11.0510,-102.9571
1545391083,-10.5484,-102.5821
1545391093,-10.0451,-102.2084
1545391103,-9.5414,-101.8361
1545391113,-9.0372,-101.4649
1545391123,-8.5325,-101.0949
1545391133,-8.0273,-100.7260
1545391143,-7.5218,-100.3582
1545391153,-7.0159,-99.9913
1545391163,-6.5095,-99.6251
1545391173,-6.0028,-99.2599
1545391182,-5.5212,-98.9136
1545391192,-5.0140,-98.5497
1545391203,-4.5065,-98.1865
1545391213,-3.9987,-97.8238
1545391223,-3.4907,-97.4616
1545391233,-2.9825,-97.0998
1545391243,-2.4742,-96.7384
1545391253,-1.9658,-96.3774
1545391263,-1.4572,-96.0165
1545391273,-0.9486,-95.6558
1545391283,-0.4399,-95.2952
1545391293,0.0689,-94.9347
1545391303,0.5776,-94.5741
1545391313,1.0863,-94.2135
1545391323,1.5950,-93.8527
1545391333,2.1036,-93.4918
1545391343,2.6121,-93.1305
1545391353,3.1206,-92.7689
1545391363,3.6288,-92.4069
1545391373,4.1369,-92.0445
1545391383,4.6448,-91.6815
1545391393,5.1525,-91.3178
1545391403,5.6599,-90.9536
1545391413,6.1670,-90.5887
1545391423,6.6739,-90.2230
1545391433,7.1804,-89.8564
1545391443,7.6865,-89.4889
1545391453,8.1923,-89.1203
1545391463,8.6977,-88.7508
1545391473,9.2027,-88.3800
1545391483,9.7072,-88.0082
1545391493,10.2112,-87.6351
1545391503,10.6895,-87.2794
1545391513,11.1925,-86.9035
1545391523,11.6949,-86.5263
1545391533,12.1967,-86.1476
1545391543,12.6978,-85.7672
1545391553,13.1983,-85.3851
1545391563,13.6981,-85.0013
1545391573,14.1972,-84.6157
1545391583,14.6955,-84.2282
1545391593,15.1930,-83.8387
1545391603,15.6898,-83.4471
1545391613,16.1857,-83.0534
1545391623,16.6807,-82.6575
1545391633,17.1747,-82.2593
1545391643,17.6678,-81.8588
1545391653,18.1600,-81.4558
1545391663,18.6511,-81.0503
1545391673,19.1412,-80.6422
1545391683,19.6302,-80.2314
1545391693,20.1180,-79.8178
1545391703,20.6047,-79.4014
1545391713,21.0902,-78.9820
1545391723,21.5745,-78.5595
1545391733,22.0574,-78.1340
1545391743,22.5390,-77.7052
1545391753,23.0192,-77.2732
1545391763,23.4981,-76.8377
1545391773,23.9754,-76.3987
1545391783,24.4513,-75.9562
1545391793,24.9256,-75.5100
1545391803,25.3983,-75.0601
1545391813,25.8693,-74.6062
1545391823,26.3387,-74.1484
1545391833,26.7830,-73.7097
1545391843,27.2489,-73.2438
1545391853,27.7130,-72.7736
1545391863,28.1752,-72.2991
1545391873,28.6355,-71.8200
1545391883,29.0937,-71.3364
1545391893,29.5499,-70.8480
1545391903,30.0039,-70.3549
1545391913,30.4558,-69.8568
1545391923,30.9054,-69.3537
1545391933,31.3528,-68.8455
1545391943,31.7977,-68.3320
1545391953,32.2402,-67.8132
1545391963,32.6803,-67.2888
1545391973,33.1177,-66.7588
1545391983,33.5525,-66.2231
1545391993,33.9847,-65.6816
1545392003,34.4141,-65.1340
1545392013,34.8405,-64.5805
1545392023,35.2641,-64.0207
1545392033,35.6846,-63.4547
1545392044,36.1021,-62.8821
1545392054,36.5164,-62.3031
1545392064,36.9274,-61.7173
1545392074,37.3352,-61.1247
1545392084,37.7394,-60.5252
1545392094,38.1402,-59.9187
1545392104,38.5374,-59.3051
1545392114,38.9309,-58.6841
1545392124,39.3206,-58.0558
1545392134,39.7065,-57.4199
1545392144,40.0883,-56.7765
1545392154,40.4660,-56.1254
1545392163,40.8210,-55.4996
1545392173,41.1905,-54.8332
1545392183,41.5556,-54.1587
1545392193,41.9162,-53.4761
1545392203,42.2722,-52.7854
1545392213,42.6234,-52.0864
1545392223,42.9699,-51.3790
1545392233,43.3114,-50.6631
1545392243,43.6478,-49.9388
1545392253,43.9791,-49.2058
1545392264,44.3050,-48.4642
1545392274,44.6256,-47.7139
1545392284,44.9406,-46.9549
1545392294,45.2500,-46.1870
1545392304,45.5535,-45.4105
1545392314,45.8511,-44.6251
1545392324,46.1428,-43.8308
1545392334,46.4282,-43.0277
1545392344,46.7073,-42.2159
1545392354,46.9801,-41.3951
1545392364,47.2463,-40.5656
1545392374,47.5058,-39.7274
1545392384,47.7585,-38.8807
1545392394,48.0042,-38.0253
1545392404,48.2429,-37.1615
1545392414,48.4745,-36.2890
1545392424,48.6987,-35.4084
1545392434,48.9155,-34.5197
1545392444,49.1247,-33.6230
1545392454,49.3263,-32.7186
1545392464,49.5200,-31.8065
1545392474,49.7059,-30.8869
1545392484,49.8837,-29.9601
1545392494,50.0451,-29.0730
1545392504,50.2069,-28.1328
1545392514,50.3604,-27.1860
1545392524,50.5055,-26.2330
1545392534,50.6420,-25.2742
1545392544,50.7698,-24.3095
1545392554,50.8890,-23.3395
1545392564,50.9994,-22.3644
1545392574,51.1009,-21.3846
1545392584,51.1934,-20.4006
1545392594,51.2770,-19.4125
1545392604,51.3514,-18.4209
1545392614,51.4168,-17.4261
1545392624,51.4729,-16.4286
1545392634,51.5199,-15.4286
1545392644,51.5575,-14.4268
1545392654,51.5859,-13.4235
1545392664,51.6050,-12.4192
1545392674,51.6148,-11.4141
1545392684,51.6152,-10.4087
1545392694,51.6064,-9.4035
1545392704,51.5882,-8.3989
1545392714,51.5607,-7.3955
1545392724,51.5239,-6.3934
1545392734,51.4778,-5.3933
1545392744,51.4225,-4.3954
1545392754,51.3581,-3.4001
1545392764,51.2845,-2.4081
1545392774,51.2018,-1.4196
1545392784,51.1101,-0.4350
1545392794,51.0094,0.5454
1545392804,50.8998,1.5212
1545392814,50.7815,2.4919
1545392824,50.6543,3.4574
1545392834,50.5186,4.4173
1545392844,50.3817,5.3236
1545392854,50.2293,6.2717
1545392864,50.0686,7.2132
1545392874,49.8997,8.1480
1545392884,49.7225,9.0760
1545392894,49.5373,9.9967
1545392904,49.3442,10.9099
1545392914,49.1433,11.8155
1545392924,48.9346,12.7134
1545392934,48.7184,13.6033
1545392944,48.4947,14.4850
1545392954,48.2637,15.3586
1545392964,48.0255,16.2237
1545392974,47.7802,17.0803
1545392984,47.5279,17.9284
1545392994,47.2688,18.7679
1545393004,47.0031,19.5986
1545393014,46.7307,20.4208
1545393024,46.4519,21.2340
1545393034,46.1667,22.0384
1545393044,45.8754,22.8340
1545393054,45.5781,23.6208
1545393064,45.2747,24.3988
1545393074,44.9656,25.1680
1545393084,44.6507,25.9285
1545393094,44.3303,26.6802
1545393105,44.0045,27.4231
1545393115,43.6734,28.1574
1545393125,43.3370,28.8830
1545393135,42.9956,29.6002
1545393145,42.6492,30.3089
1545393155,42.2980,31.0093
1545393164,41.9599,31.6669
1545393174,41.5995,32.3511
1545393184,41.2346,33.0272
1545393194,40.8653,33.6953
1545393204,40.4917,34.3554
1545393214,40.1139,35.0077
1545393224,39.7319,35.6523
1545393234,39.3460,36.2892
1545393244,38.9561,36.9187
1545393254,38.5625,37.5408
1545393264,38.1650,38.1557
1545393274,37.7640,38.7635
1545393284,37.3595,39.3641
1545393294,36.9515,39.9578
1545393304,36.5401,40.5447
1545393314,36.1255,41.1249
1545393325,35.7077,41.6985
1545393335,35.2868,42.2657
1545393345,34.8629,42.8266
1545393355,34.4360,43.3813
1545393365,34.0062,43.9299
1545393375,33.5736,44.4725
1545393385,33.1384,45.0092
1545393395,32.7004,45.5403
1545393405,32.2599,46.0656
1545393415,31.8169,46.5855
1545393425,31.3714,47.0999
1545393435,30.9236,47.6091
1545393445,30.4735,48.1132
1545393455,30.0211,48.6122
1545393465,29.5665,49.1062
1545393475,29.1096,49.5956
1545393485,28.6507,50.0802
1545393494,28.2130,50.5362
1545393504,27.7503,51.0118
1545393514,27.2857,51.4831
1545393524,26.8193,51.9500
1545393535,26.3511,52.4127
1545393545,25.8810,52.8714
1545393555,25.4093,53.3261
1545393565,24.9360,53.7769
1545393575,24.4610,54.2239
1545393585,23.9844,54.6673
1545393595,23.5063,55.1070
1545393605,23.0161,55.5530
1545393615,22.5351,55.9858
1545393625,22.0527,56.4153
1545393635,21.5690,56.8415
1545393645,21.0840,57.2646
1545393655,20.5976,57.6848
1545393665,20.1345,58.0811
1545393675,19.6459,58.4956
1545393685,19.1562,58.9072
1545393695,18.6654,59.3161
1545393705,18.1735,59.7224
1545393715,17.6805,60.1262
1545393725,17.1865,60.5276
1545393735,16.6915,60.9266
1545393745,16.1957,61.3233
1545393755,15.6991,61.7177
1545393765,15.2015,62.1101
1545393775,14.7032,62.5003
1545393785,14.2039,62.8887
1545393795,13.7040,63.2750
1545393805,13.2034,63.6596
1545393815,12.7020,64.0424
1545393825,12.2000,64.4235
1545393835,11.6974,64.8030
1545393845,11.1941,65.1810
1545393855,10.6903,65.5575
1545393865,10.1860,65.9326
1545393875,9.6811,66.3064
1545393885,9.1756,66.6789
1545393895,8.6697,67.0503
1545393905,8.1635,67.4205
1545393915,7.6568,67.7897
1545393925,7.1497,68.1579
1545393935,6.6423,68.5251
1545393945,6.1345,68.8915
1545393955,5.6265,69.2571
1545393965,5.1182,69.6220
1545393975,4.6096,69.9863
1545393985,4.1263,70.3317
1545393995,3.6173,70.6949
1545394005,3.1081,71.0576
1545394015,2.5989,71.4198
1545394025,2.0895,71.7818
1545394035,1.5800,72.1435
1545394045,1.0704,72.5050
1545394055,0.5608,72.8663
1545394065,0.0512,73.2275
1545394075,-0.4584,73.5888
1545394085,-0.9680,73.9500
1545394095,-1.4775,74.3114
1545394105,-1.9869,74.6730
1545394115,-2.4962,75.0348
1545394125,-3.0054,75.3969
1545394135,-3.5145,75.7594
1545394145,-4.0233,76.1223
1545394155,-4.5319,76.4857
1545394165,-5.0403,76.8497
1545394175,-5.5484,77.2143
1545394185,-6.0563,77.5796
1545394195,-6.5638,77.9457
1545394205,-7.0710,78.3126
1545394215,-7.5779,78.6804
1545394225,-8.0843,79.0491
1545394235,-8.5903,79.4189
1545394245,-9.0959,79.7898
1545394255,-9.6010,80.1618
1545394265,-10.1055,80.5350
1545394275,-10.6096,80.9095
1545394285,-11.1130,81.2855
1545394296,-11.6159,81.6628
1545394306,-12.1181,82.0416
1545394316,-12.6197,82.4220
1545394325,-13.0956,82.7849
1545394335,-13.5958,83.1686
1545394345,-14.0953,83.5541
1545394355,-14.5941,83.9415
1545394365,-15.0920,84.3308
1545394375,-15.5892,84.7221
1545394385,-16.0854,85.1155
1545394395,-16.5807,85.5111
1545394405,-17.0750,85.9088
1545394415,-17.5685,86.3090
1545394425,-18.0609,86.7116
1545394435,-18.5523,87.1166
1545394445,-19.0426,87.5242
1545394455,-19.5318,87.9345
1545394465,-20.0199,88.3475
1545394475,-20.5069,88.7634
1545394485,-20.9926,89.1821
1545394495,-21.4769,89.6039
1545394506,-21.9600,90.0287
1545394516,-22.4420,90.4568
1545394526,-22.9223,90.8880
1545394536,-23.4013,91.3227
1545394546,-23.8788,91.7607
1545394556,-24.3547,92.2023
1545394566,-24.8291,92.6475
1545394576,-25.3020,93.0965
1545394586,-25.7731,93.5493
1545394596,-26.2426,94.0060
1545394606,-26.7102,94.4667
1545394616,-27.1761,94.9316
1545394626,-27.6401,95.4007
1545394636,-28.1022,95.8741
1545394646,-28.5624,96.3520
1545394655,-28.9977,96.8101
1545394666,-29.4766,97.3215
1545394676,-29.9306,97.8133
1545394686,-30.3824,98.3100
1545394695,-30.8094,98.7864
1545394705,-31.2567,99.2929
1545394716,-31.7017,99.8047
1545394726,-32.1442,100.3217
1545394736,-32.5842,100.8440
1545394746,-33.0216,101.3720
1545394756,-33.4564,101.9056
1545394766,-33.8886,102.4451
1545394776,-34.3179,102.9904
1545394786,-34.7444,103.5417
1545394796,-35.1681,104.0992
1545394806,-35.5887,104.6629
1545394816,-36.0061,105.2329
1545394826,-36.4205,105.8094
1545394836,-36.8316,106.3925
1545394846,-37.2393,106.9823
1545394856,-37.6437,107.5790
1545394866,-38.0446,108.1826
1545394876,-38.4419,108.7933
1545394886,-38.8355,109.4112
1545394896,-39.2254,110.0364
1545394906,-39.6114,110.6690
1545394916,-39.9934,111.3091
1545394926,-40.3715,111.9569
1545394936,-40.7453,112.6123
1545394946,-41.1148,113.2756
1545394956,-41.4619,113.9130
1545394966,-41.8228,114.5918
1545394976,-42.1792,115.2787
1545394986,-42.5309,115.9738
1545394996,-42.8778,116.6772
1545395006,-43.2198,117.3889
1545395016,-43.5568,118.1091
1545395026,-43.8887,118.8378
1545395036,-44.2153,119.5750
1545395046,-44.5365,120.3208
1545395056,-44.8522,121.0753
1545395066,-45.1624,121.8385
1545395076,-45.4668,122.6104
1545395086,-45.7654,123.3910
1545395096,-46.0579,124.1804
1545395106,-46.3444,124.9786
1545395116,-46.6246,125.7855
1545395126,-46.8985,126.6011
1545395136,-47.1659,127.4254
1545395146,-47.4268,128.2584
1545395156,-47.6808,129.0999
1545395166,-47.9280,129.9500
1545395176,-48.1682,130.8084
1545395186,-48.4013,131.6752
1545395196,-48.6272,132.5503
1545395206,-48.8457,133.4334
1545395216,-49.0568,134.3245
1545395226,-49.2602,135.2234
1545395236,-49.4559,136.1299
1545395246,-49.6438,137.0438
1545395256,-49.8238,137.9651
1545395266,-49.9957,138.8934
1545395276,-50.1595,139.8284
1545395286,-50.3149,140.7699
1545395296,-50.4621,141.7176
1545395306,-50.5940,142.6235
1545395316,-50.7246,143.5827
1545395326,-50.8465,144.5473
1545395336,-50.9597,145.5170
1545395346,-51.0641,146.4914
1545395356,-51.1597,147.4702
1545395366,-51.2463,148.4530
1545395376,-51.3240,149.4395
1545395386,-51.3926,150.4295
1545395396,-51.4521,151.4220
1545395406,-51.5024,152.4172
1545395416,-51.5436,153.4144
1545395426,-51.5756,154.4133
1545395436,-51.5984,155.4133
1545395446,-51.6119,156.4144
1545395456,-51.6162,157.4157
1545395466,-51.6112,158.4171
1545395476,-51.5969,159.4179
1545395486,-51.5735,160.4178
1545395496,-51.5408,161.4164
1545395506,-51.4989,162.4133
1545395516,-51.4478,163.4081
1545395526,-51.3876,164.4005
1545395536,-51.3183,165.3898
1545395546,-51.2400,166.3758
1545395556,-51.1527,167.3582
1545395567,-51.0565,168.3365
1545395577,-50.9514,169.3103
1545395587,-50.8375,170.2794
1545395597,-50.7150,171.2434
1545395607,-50.5838,172.2020
1545395617,-50.4441,173.1548
1545395627,-50.2959,174.1015
1545395637,-50.1395,175.0418
1545395646,-49.9832,175.9291
1545395656,-49.8108,176.8564
1545395666,-49.6303,177.7767
1545395676,-49.4419,178.6897
1545395686,-49.2457,179.5953
1545395696,-49.0418,-179.5068
1545395706,-48.8303,-178.6168
1545395716,-48.6113,-177.7346
1545395726,-48.3850,-176.8606
1545395736,-48.1516,-175.9948
1545395746,-47.9110,-175.1374
1545395756,-47.6634,-174.2885
1545395766,-47.4091,-173.4481
1545395776,-47.1480,-172.6163
1545395787,-46.8803,-171.7932
1545395797,-46.6062,-170.9787
1545395807,-46.3257,-170.1730
1545395817,-46.0390,-169.3759
1545395827,-45.7463,-168.5877
1545395837,-45.4476,-167.8082
1545395847,-45.1430,-167.0375
1545395857,-44.8328,-166.2756
1545395867,-44.5169,-165.5221
1545395877,-44.1956,-164.7774
1545395887,-43.8689,-164.0413
1545395897,-43.5370,-163.3138
1545395907,-43.2000,-162.5947
1545395917,-42.8580,-161.8842
1545395927,-42.5111,-161.1818
1545395937,-42.1594,-160.4878
1545395947,-41.8031,-159.8020
1545395957,-41.4423,-159.1245
1545395967,-41.0770,-158.4547
1545395976,-40.7259,-157.8258
1545395986,-40.3523,-157.1715
1545395997,-39.9744,-156.5248
1545396007,-39.5926,-155.8858
1545396017,-39.2068,-155.2543
1545396027,-38.8172,-154.6302
1545396037,-38.4238,-154.0134
1545396047,-38.0268,-153.4037
1545396057,-37.6262,-152.8012
1545396067,-37.2222,-152.2055
1545396077,-36.8147,-151.6167
1545396087,-36.4040,-151.0346
1545396097,-35.9900,-150.4590
1545396107,-35.5728,-149.8899
1545396117,-35.1526,-149.3272
1545396127,-34.7294,-148.7706
1545396137,-34.3034,-148.2203
1545396147,-33.8745,-147.6760
1545396157,-33.4428,-147.1375
1545396167,-33.0085,-146.6048
1545396177,-32.5715,-146.0777
1545396187,-32.1319,-145.5561
1545396197,-31.6899,-145.0399
1545396207,-31.2454,-144.5290
1545396217,-30.7987,-144.0234
1545396227,-30.3496,-143.5228
1545396237,-29.8982,-143.0271
1545396247,-29.4447,-142.5364
1545396257,-28.9891,-142.0504
1545396267,-28.5315,-141.5691
1545396277,-28.0719,-141.0923
1545396287,-27.6104,-140.6199
1545396297,-27.1469,-140.1518
1545396307,-26.7049,-139.7110
1545396317,-26.2379,-139.2511
1545396327,-25.7691,-138.7952
1545396337,-25.2987,-138.3432
1545396347,-24.8267,-137.8951
1545396357,-24.3530,-137.4506
1545396367,-23.8779,-137.0098
1545396377,-23.4011,-136.5726
1545396387,-22.9229,-136.1387
1545396397,-22.4433,-135.7082
1545396407,-21.9624,-135.2810
1545396417,-21.4800,-134.8568
1545396427,-20.9964,-134.4359
1545396437,-20.5116,-134.0179
1545396447,-20.0255,-133.6028
1545396457,-19.5382,-133.1905
1545396467,-19.0498,-132.7809
1545396477,-18.5604,-132.3740
1545396487,-18.0698,-131.9697
1545396497,-17.5781,-131.5677
1545396507,-17.0855,-131.1682
1545396517,-16.5919,-130.7711
1545396527,-16.0975,-130.3762
1545396537,-15.6021,-129.9835
1545396547,-15.1058,-129.5928
1545396557,-14.6088,-129.2042
1545396567,-14.1110,-128.8176
1545396577,-13.6123,-128.4327
1545396587,-13.1129,-128.0497
1545396597,-12.6129,-127.6684
1545396607,-12.1121,-127.2887
1545396617,-11.6107,-126.9106
1545396627,-11.1088,-126.5341
1545396638,-10.6062,-126.1589
1545396647,-10.1282,-125.8038
1545396657,-9.6246,-125.4313
1545396667,-9.1204,-125.0599
1545396677,-8.6158,-124.6897
1545396687,-8.1106,-124.3205
1545396697,-7.6051,-123.9525
1545396707,-7.0992,-123.5854
1545396717,-6.5929,-123.2192
1545396727,-6.0863,-122.8538
1545396737,-5.5794,-122.4892
1545396747,-5.0722,-122.1252
1545396757,-4.5647,-121.7619
1545396767,-4.0570,-121.3992
1545396777,-3.5490,-121.0370
1545396787,-3.0409,-120.6752
1545396797,-2.5327,-120.3138
1545396807,-2.0242,-119.9526
1545396817,-1.5157,-119.5918
1545396827,-1.0071,-119.2311
1545396837,-0.4984,-118.8705
1545396848,0.0103,-118.5100
1545396858,0.5190,-118.1494
1545396868,1.0277,-117.7889
1545396878,1.5364,-117.4281
1545396888,2.0450,-117.0672
1545396898,2.5535,-116.7059
1545396908,3.0620,-116.3443
1545396918,3.5704,-115.9823
1545396928,4.0784,-115.6200
1545396938,4.5863,-115.2571
1545396948,5.0940,-114.8936
1545396958,5.6014,-114.5295
1545396968,6.1086,-114.1646
1545396977,6.5901,-113.8173
1545396987,7.0966,-113.4508
1545396997,7.6029,-113.0835
1545397007,8.1087,-112.7152
1545397017,8.6142,-112.3457
1545397027,9.1192,-111.9753
1545397037,9.6238,-111.6036
1545397047,10.1279,-111.2306
1545397058,10.6315,-110.8564
1545397068,11.1345,-110.4808
1545397078,11.6370,-110.1037
1545397088,12.1389,-109.7251
1545397098,12.6401,-109.3449
1545397108,13.1406,-108.9631
1545397118,13.6405,-108.5795
1545397128,14.1396,-108.1941
1545397138,14.6380,-107.8068
1545397148,15.1357,-107.4174
1545397158,15.6325,-107.0262
1545397168,16.1285,-106.6327
1545397178,16.6235,-106.2372
1545397188,17.1177,-105.8392
1545397198,17.6109,-105.4390
1545397208,18.1033,-105.0362
1545397218,18.5945,-104.6310
1545397228,19.0847,-104.2232
1545397238,19.5738,-103.8128
1545397248,20.0618,-103.3995
1545397258,20.5485,-102.9834
1545397268,21.0341,-102.5644
1545397278,21.5185,-102.1423
1545397288,22.0015,-101.7172
1545397298,22.4833,-101.2889
1545397308,22.9397,-100.8789
1545397318,23.4187,-100.4440
1545397328,23.8963,-100.0056
1545397338,24.3725,-99.5636
1545397348,24.8470,-99.1181
1545397358,25.3200,-98.6687
1545397368,25.7914,-98.2155
1545397378,26.2610,-97.7584
1545397388,26.7288,-97.2972
1545397398,27.1950,-96.8317
1545397408,27.6594,-96.3620
1545397418,28.1218,-95.8880
1545397428,28.5823,-95.4094
1545397438,29.0408,-94.9263
1545397448,29.4973,-94.4385
1545397458,29.9516,-93.9459
1545397468,30.4037,-93.4484
1545397478,30.8536,-92.9460
1545397488,31.3012,-92.4383
1545397498,31.7464,-91.9254
1545397508,32.1892,-91.4072
1545397518,32.6295,-90.8835
